final_energy,mean_energy,max_energy,oscillation_count,oscillation_index,regression_count,c1_alerts,c2_rejections,final_energy_std,mean_energy_std,max_energy_std,oscillation_count_std,oscillation_index_std,regression_count_std,c1_alerts_std,c2_rejections_std,h_rate,lr,drift_freq,drift_label,ablation,n_seeds
778396.6286684999,65844.76781649138,778396.6286684999,524.5,0.8741666666666665,460.8,0.0,0.0,373941.74108526885,31626.725343703416,373941.74108526885,16.566532527961304,0.02761088754660217,21.811923344813042,0.0,0.0,0.0,0.01,0,stationary,none,10
19628544801.0927,1660271388.8714964,19628544801.0927,599.0,0.9983333333333333,598.9,0.0,0.0,1079906907.3287537,91343325.52229355,1079906907.3287537,0.0,0.0,0.30000000000000004,0.0,0.0,0.0,0.01,0,stationary,full,10
1.2741496564591067e+26,2.284146335359651e+24,1.2741496564591067e+26,592.8,0.9880000000000001,585.8,0.0,0.0,5.77809056228256e+25,1.0358284300677087e+24,5.77809056228256e+25,3.370459909270543,0.0056174331821175535,4.4,0.0,0.0,0.0,0.05,0,stationary,none,10
19628544801.0927,1660271388.8714964,19628544801.0927,599.0,0.9983333333333333,598.9,0.0,0.0,1079906907.3287537,91343325.52229355,1079906907.3287537,0.0,0.0,0.30000000000000004,0.0,0.0,0.0,0.05,0,stationary,full,10
2.0801375881175882e+50,1.9975924457319698e+48,2.0801375881175882e+50,597.3,0.9955,594.9,0.0,0.0,8.607276671558509e+49,8.265718073480792e+47,8.607276671558509e+49,1.345362404707371,0.002242270674512271,1.7,0.0,0.0,0.0,0.1,0,stationary,none,10
19628544801.0927,1660271388.8714964,19628544801.0927,599.0,0.9983333333333333,598.9,0.0,0.0,1079906907.3287537,91343325.52229355,1079906907.3287537,0.0,0.0,0.30000000000000004,0.0,0.0,0.0,0.1,0,stationary,full,10
4.0468966378881086e+95,2.2073981661207865e+93,4.0468966378881086e+95,598.7,0.9978333333333331,598.3,0.0,0.0,1.429445822104613e+95,7.796977211479705e+92,1.429445822104613e+95,0.45825756949558405,0.0007637626158259401,0.7810249675906654,0.0,0.0,0.0,0.2,0,stationary,none,10
19628544801.0927,1660271388.8714964,19628544801.0927,599.0,0.9983333333333333,598.9,0.0,0.0,1079906907.3287537,91343325.52229355,1079906907.3287537,0.0,0.0,0.30000000000000004,0.0,0.0,0.0,0.2,0,stationary,full,10
1.8586680387553278e+137,7.587316390088171e+134,1.8586680387553278e+137,598.9,0.9981666666666665,598.7,0.0,0.0,5.81765997740907e+136,2.3748418748360695e+134,5.81765997740907e+136,0.30000000000000004,0.0004999999999999782,0.45825756949558405,0.0,0.0,0.0,0.3,0,stationary,none,10
19628544801.0927,1660271388.8714964,19628544801.0927,599.0,0.9983333333333333,598.9,0.0,0.0,1079906907.3287537,91343325.52229355,1079906907.3287537,0.0,0.0,0.30000000000000004,0.0,0.0,0.0,0.3,0,stationary,full,10
5.6331824057398745e+211,1.689954721721963e+209,5.6331824057398745e+211,599.0,0.9983333333333333,598.9,0.0,0.0,inf,inf,inf,0.0,0.0,0.30000000000000004,0.0,0.0,0.0,0.5,0,stationary,none,10
19628544801.0927,1660271388.8714964,19628544801.0927,599.0,0.9983333333333333,598.9,0.0,0.0,1079906907.3287537,91343325.52229355,1079906907.3287537,0.0,0.0,0.30000000000000004,0.0,0.0,0.0,0.5,0,stationary,full,10
7.822998227858789e+276,1.993691788228563e+274,7.822998227858789e+276,599.0,0.9983333333333333,599.0,0.0,0.0,inf,inf,inf,0.0,0.0,0.0,0.0,0.0,0.0,0.7,0,stationary,none,10
19628544801.0927,1660271388.8714964,19628544801.0927,599.0,0.9983333333333333,598.9,0.0,0.0,1079906907.3287537,91343325.52229355,1079906907.3287537,0.0,0.0,0.30000000000000004,0.0,0.0,0.0,0.7,0,stationary,full,10
inf,inf,inf,510.7,0.8511666666666666,510.7,0.0,0.0,,,,0.45825756949558405,0.000763762615825991,0.45825756949558405,0.0,0.0,0.0,1.0,0,stationary,none,10
19628544801.0927,1660271388.8714964,19628544801.0927,599.0,0.9983333333333333,598.9,0.0,0.0,1079906907.3287537,91343325.52229355,1079906907.3287537,0.0,0.0,0.30000000000000004,0.0,0.0,0.0,1.0,0,stationary,full,10
427655.6062543096,37953.20710172782,427655.6062543096,507.2,0.8453333333333333,439.5,0.0,0.0,207122.13368054258,18388.503519072798,207122.13368054258,15.816447135814036,0.026360745226356723,24.17540072056718,0.0,0.0,0.05,0.01,0,stationary,none,10
78315.45055135676,68926.88904418619,78315.45055135676,232.9,0.38816666666666666,74.8,149.0,568.9,68542.39584390358,60331.83128959588,68542.39584390358,6.441273166075166,0.010735455276791948,8.795453370918409,25.459772190654025,10.511422358558331,0.05,0.01,0,stationary,full,10
6.734853730455337e+24,1.2517954388515558e+23,6.734853730455337e+24,577.0,0.9616666666666667,569.6,0.0,0.0,3.833775118317772e+24,6.909222042726106e+22,3.833775118317772e+24,5.118593556827891,0.008530989261379815,6.2960304954788775,0.0,0.0,0.05,0.05,0,stationary,none,10
78315.45055135676,68926.88904418619,78315.45055135676,232.9,0.38816666666666666,74.8,149.0,568.9,68542.39584390358,60331.83128959588,68542.39584390358,6.441273166075166,0.010735455276791948,8.795453370918409,25.459772190654025,10.511422358558331,0.05,0.05,0,stationary,full,10
7.69682741724881e+47,7.599166133596184e+45,7.69682741724881e+47,577.7,0.9628333333333332,575.0,0.0,0.0,6.08790316288999e+47,5.896020590956598e+45,6.08790316288999e+47,3.3778691508109073,0.005629781918018181,3.63318042491699,0.0,0.0,0.05,0.1,0,stationary,none,10
78315.45055135676,68926.88904418619,78315.45055135676,232.9,0.38816666666666666,74.8,149.0,568.9,68542.39584390358,60331.83128959588,68542.39584390358,6.441273166075166,0.010735455276791948,8.795453370918409,25.459772190654025,10.511422358558331,0.05,0.1,0,stationary,full,10
1.5226491652300032e+91,8.427259598065539e+88,1.5226491652300032e+91,574.3,0.9571666666666667,573.7,0.0,0.0,1.8987974720218754e+91,1.0384323684847097e+89,1.8987974720218754e+91,3.9,0.006500000000000008,3.579106033634656,0.0,0.0,0.05,0.2,0,stationary,none,10
78315.45055135676,68926.88904418619,78315.45055135676,232.9,0.38816666666666666,74.8,149.0,568.9,68542.39584390358,60331.83128959588,68542.39584390358,6.441273166075166,0.010735455276791948,8.795453370918409,25.459772190654025,10.511422358558331,0.05,0.2,0,stationary,full,10
1.3079938335174378e+131,5.371450248962057e+128,1.3079938335174378e+131,572.9,0.9548333333333332,572.7,0.0,0.0,2.090280575347184e+131,8.532412376193917e+128,2.090280575347184e+131,3.477067730142742,0.005795112883571241,3.6891733491393435,0.0,0.0,0.05,0.3,0,stationary,none,10
78315.45055135676,68926.88904418619,78315.45055135676,232.9,0.38816666666666666,74.8,149.0,568.9,68542.39584390358,60331.83128959588,68542.39584390358,6.441273166075166,0.010735455276791948,8.795453370918409,25.459772190654025,10.511422358558331,0.05,0.3,0,stationary,full,10
3.7343226574085457e+202,1.1213995158351305e+200,3.7343226574085457e+202,571.8,0.953,571.7,0.0,0.0,inf,inf,inf,3.9949968710876362,0.006658328118479392,3.8742741255621036,0.0,0.0,0.05,0.5,0,stationary,none,10
78315.45055135676,68926.88904418619,78315.45055135676,232.9,0.38816666666666666,74.8,149.0,568.9,68542.39584390358,60331.83128959588,68542.39584390358,6.441273166075166,0.010735455276791948,8.795453370918409,25.459772190654025,10.511422358558331,0.05,0.5,0,stationary,full,10
1.1774898853156969e+265,3.0014336091085224e+262,1.1774898853156969e+265,571.4,0.9523333333333331,571.4,0.0,0.0,inf,inf,inf,3.7202150475476548,0.006200358412579433,3.7202150475476548,0.0,0.0,0.05,0.7,0,stationary,none,10
78315.45055135676,68926.88904418619,78315.45055135676,232.9,0.38816666666666666,74.8,149.0,568.9,68542.39584390358,60331.83128959588,68542.39584390358,6.441273166075166,0.010735455276791948,8.795453370918409,25.459772190654025,10.511422358558331,0.05,0.7,0,stationary,full,10
inf,inf,inf,512.3,0.8538333333333334,512.3,0.0,0.0,,,,1.0049875621120892,0.001674979270186804,1.0049875621120892,0.0,0.0,0.05,1.0,0,stationary,none,10
78315.45055135676,68926.88904418619,78315.45055135676,232.9,0.38816666666666666,74.8,149.0,568.9,68542.39584390358,60331.83128959588,68542.39584390358,6.441273166075166,0.010735455276791948,8.795453370918409,25.459772190654025,10.511422358558331,0.05,1.0,0,stationary,full,10
224639.7730711176,21099.149119492584,224639.88331175278,488.2,0.8136666666666665,413.8,0.0,0.0,111072.2645306,10288.820392631527,111072.29403246315,20.658170296519486,0.034430283827532486,25.93376177880872,0.0,0.0,0.1,0.01,0,stationary,none,10
58932.000969217755,53172.02940098016,58932.000969217755,230.5,0.38416666666666666,68.7,127.6,571.5,56322.07672988951,51615.09984014206,56322.07672988951,7.433034373659253,0.012388390622765422,7.912648102879339,30.196688560171626,9.276313923105448,0.1,0.01,0,stationary,full,10
2.814028612563823e+23,5.588704135995495e+21,2.814028612563823e+23,561.7,0.9361666666666666,554.2,0.0,0.0,1.7497883738450165e+23,3.6255427758682166e+21,1.7497883738450165e+23,5.254521862167861,0.008757536436946423,5.758472019555188,0.0,0.0,0.1,0.05,0,stationary,none,10
58932.000969217755,53172.02940098016,58932.000969217755,230.5,0.38416666666666666,68.7,127.6,571.5,56322.07672988951,51615.09984014206,56322.07672988951,7.433034373659253,0.012388390622765422,7.912648102879339,30.196688560171626,9.276313923105448,0.1,0.05,0,stationary,full,10
1.4586038142347143e+45,1.6015876405872577e+43,1.4586038142347143e+45,557.6,0.9293333333333335,554.9,0.0,0.0,1.2683049359458075e+45,1.5129352129068102e+43,1.2683049359458075e+45,2.939387691339814,0.004898979485566364,3.144837038703278,0.0,0.0,0.1,0.1,0,stationary,none,10
58932.000969217755,53172.02940098016,58932.000969217755,230.5,0.38416666666666666,68.7,127.6,571.5,56322.07672988951,51615.09984014206,56322.07672988951,7.433034373659253,0.012388390622765422,7.912648102879339,30.196688560171626,9.276313923105448,0.1,0.1,0,stationary,full,10
8.648375837687838e+85,5.85300397845709e+83,8.648375837687838e+85,547.4,0.9123333333333334,546.9,0.0,0.0,1.2434947864205104e+86,8.932217605335047e+83,1.2434947864205104e+86,3.4985711369071804,0.005830951894845305,3.6999999999999997,0.0,0.0,0.1,0.2,0,stationary,none,10
58932.000969217755,53172.02940098016,58932.000969217755,230.5,0.38416666666666666,68.7,127.6,571.5,56322.07672988951,51615.09984014206,56322.07672988951,7.433034373659253,0.012388390622765422,7.912648102879339,30.196688560171626,9.276313923105448,0.1,0.2,0,stationary,full,10
3.778510663401999e+123,2.0097613755016222e+121,3.778510663401999e+123,542.8,0.9046666666666667,542.6,0.0,0.0,6.880283675526206e+123,3.7196727772345015e+121,6.880283675526206e+123,5.2687759489277965,0.008781293248213,5.180733538795447,0.0,0.0,0.1,0.3,0,stationary,none,10
58932.000969217755,53172.02940098016,58932.000969217755,230.5,0.38416666666666666,68.7,127.6,571.5,56322.07672988951,51615.09984014206,56322.07672988951,7.433034373659253,0.012388390622765422,7.912648102879339,30.196688560171626,9.276313923105448,0.1,0.3,0,stationary,full,10
9.122499447442412e+190,3.588270667495864e+188,9.122499447442412e+190,539.8,0.8996666666666666,539.7,0.0,0.0,inf,inf,inf,5.929586832149438,0.009882644720249063,6.181423784210237,0.0,0.0,0.1,0.5,0,stationary,none,10
58932.000969217755,53172.02940098016,58932.000969217755,230.5,0.38416666666666666,68.7,127.6,571.5,56322.07672988951,51615.09984014206,56322.07672988951,7.433034373659253,0.012388390622765422,7.912648102879339,30.196688560171626,9.276313923105448,0.1,0.5,0,stationary,full,10
7.7524061726548e+249,2.5204522769415655e+247,7.7524061726548e+249,538.2,0.8969999999999999,538.2,0.0,0.0,inf,inf,inf,5.4,0.008999999999999985,5.4,0.0,0.0,0.1,0.7,0,stationary,none,10
58932.000969217755,53172.02940098016,58932.000969217755,230.5,0.38416666666666666,68.7,127.6,571.5,56322.07672988951,51615.09984014206,56322.07672988951,7.433034373659253,0.012388390622765422,7.912648102879339,30.196688560171626,9.276313923105448,0.1,0.7,0,stationary,full,10
inf,inf,inf,513.3,0.8554999999999999,513.3,0.0,0.0,,,,1.676305461424021,0.002793842435706689,1.676305461424021,0.0,0.0,0.1,1.0,0,stationary,none,10
58932.000969217755,53172.02940098016,58932.000969217755,230.5,0.38416666666666666,68.7,127.6,571.5,56322.07672988951,51615.09984014206,56322.07672988951,7.433034373659253,0.012388390622765422,7.912648102879339,30.196688560171626,9.276313923105448,0.1,1.0,0,stationary,full,10
76234.51032348734,7832.2450167220695,76234.58636872095,452.4,0.7539999999999999,367.7,0.0,0.0,42401.039242470746,4291.658353993872,42400.94717215884,16.70449041425688,0.027840817357094802,27.19577173017894,0.0,0.0,0.2,0.01,0,stationary,none,10
19441.38862923599,17110.915680449918,19442.53516409008,230.8,0.38466666666666666,67.8,134.1,577.1,38603.9756160076,35777.88767034308,38603.634642172845,9.206519429187123,0.015344199048645202,6.6,31.274430450449454,7.244998274671982,0.2,0.01,0,stationary,full,10
1.7916470443978803e+21,3.9426830474231505e+19,1.7916470443983865e+21,532.0,0.8866666666666667,521.5,0.0,0.0,1.5555624252291062e+21,3.3348934462178005e+19,1.5555624252286797e+21,7.0285133563222315,0.011714188927203729,9.604686356149273,0.0,0.0,0.2,0.05,0,stationary,none,10
19441.38862923599,17110.915680449918,19442.53516409008,230.8,0.38466666666666666,67.8,134.1,577.1,38603.9756160076,35777.88767034308,38603.634642172845,9.206519429187123,0.015344199048645202,6.6,31.274430450449454,7.244998274671982,0.2,0.05,0,stationary,full,10
1.0221691626436633e+41,1.2332398767533338e+39,1.0221691626436633e+41,524.3,0.8738333333333334,520.9,0.0,0.0,1.3745125619580806e+41,1.7118411376906132e+39,1.3745125619580806e+41,7.772387020729217,0.01295397836788205,8.154140052758475,0.0,0.0,0.2,0.1,0,stationary,none,10
19441.38862923599,17110.915680449918,19442.53516409008,230.8,0.38466666666666666,67.8,134.1,577.1,38603.9756160076,35777.88767034308,38603.634642172845,9.206519429187123,0.015344199048645202,6.6,31.274430450449454,7.244998274671982,0.2,0.1,0,stationary,full,10
1.5782060627169264e+78,1.104813001545801e+76,1.5782060627169264e+78,505.2,0.842,504.8,0.0,0.0,3.4198445187161767e+78,2.4691406279281737e+76,3.4198445187161767e+78,7.959899496852959,0.0132664991614216,8.170679286326198,0.0,0.0,0.2,0.2,0,stationary,none,10
19441.38862923599,17110.915680449918,19442.53516409008,230.8,0.38466666666666666,67.8,134.1,577.1,38603.9756160076,35777.88767034308,38603.634642172845,9.206519429187123,0.015344199048645202,6.6,31.274430450449454,7.244998274671982,0.2,0.2,0,stationary,full,10
3.115382974479199e+112,1.633158382560283e+110,3.115382974479199e+112,496.7,0.8278333333333332,496.5,0.0,0.0,8.103935272929848e+112,4.318183108712009e+110,8.103935272929848e+112,10.188719252192593,0.016981198753654333,10.200490184299968,0.0,0.0,0.2,0.3,0,stationary,none,10
19441.38862923599,17110.915680449918,19442.53516409008,230.8,0.38466666666666666,67.8,134.1,577.1,38603.9756160076,35777.88767034308,38603.634642172845,9.206519429187123,0.015344199048645202,6.6,31.274430450449454,7.244998274671982,0.2,0.3,0,stationary,full,10
6.680959703268515e+173,2.5286668556895636e+171,6.680959703268515e+173,490.3,0.8171666666666667,490.2,0.0,0.0,inf,inf,inf,10.517128885774861,0.01752854814295811,10.524257693538296,0.0,0.0,0.2,0.5,0,stationary,none,10
19441.38862923599,17110.915680449918,19442.53516409008,230.8,0.38466666666666666,67.8,134.1,577.1,38603.9756160076,35777.88767034308,38603.634642172845,9.206519429187123,0.015344199048645202,6.6,31.274430450449454,7.244998274671982,0.2,0.5,0,stationary,full,10
2.765266048541821e+227,8.678960023412048e+224,2.765266048541821e+227,487.7,0.8128333333333334,487.7,0.0,0.0,inf,inf,inf,10.440785411069418,0.017401309018449027,10.440785411069418,0.0,0.0,0.2,0.7,0,stationary,none,10
19441.38862923599,17110.915680449918,19442.53516409008,230.8,0.38466666666666666,67.8,134.1,577.1,38603.9756160076,35777.88767034308,38603.634642172845,9.206519429187123,0.015344199048645202,6.6,31.274430450449454,7.244998274671982,0.2,0.7,0,stationary,full,10
1.0460273214947503e+297,2.7632626069235833e+294,1.0460273214947503e+297,486.5,0.8108333333333333,486.5,0.0,0.0,inf,inf,inf,10.781929326423912,0.01796988221070652,10.781929326423912,0.0,0.0,0.2,1.0,0,stationary,none,10
19441.38862923599,17110.915680449918,19442.53516409008,230.8,0.38466666666666666,67.8,134.1,577.1,38603.9756160076,35777.88767034308,38603.634642172845,9.206519429187123,0.015344199048645202,6.6,31.274430450449454,7.244998274671982,0.2,1.0,0,stationary,full,10
27575.435941765405,3380.6942521019737,27578.387090189084,426.5,0.7108333333333333,330.9,0.0,0.0,12244.319547306795,1568.860309550274,12249.139826037677,18.424168909342967,0.030706948182238278,24.10995644956664,0.0,0.0,0.3,0.01,0,stationary,none,10
6167.423043688456,4998.554684521245,6167.423043688456,227.6,0.37933333333333336,61.2,132.8,580.7,7987.94833507985,6755.633192738664,7987.94833507985,8.224354077980836,0.013707256796634728,9.260669522232181,21.894291493446413,4.561797891182818,0.3,0.01,0,stationary,full,10
8.045821619356148e+18,2.2218012340825773e+17,8.045821619481352e+18,507.4,0.8456666666666667,497.4,0.0,0.0,6.025927874929717e+18,1.7189381700325322e+17,6.025927875102818e+18,8.248636250920512,0.01374772708486752,8.788629017087931,0.0,0.0,0.3,0.05,0,stationary,none,10
6167.423043688456,4998.554684521245,6167.423043688456,227.6,0.37933333333333336,61.2,132.8,580.7,7987.94833507985,6755.633192738664,7987.94833507985,8.224354077980836,0.013707256796634728,9.260669522232181,21.894291493446413,4.561797891182818,0.3,0.05,0,stationary,full,10
2.3366712142517022e+36,3.4933848315872297e+34,2.3366712142517022e+36,502.4,0.8373333333333333,498.7,0.0,0.0,3.661410380169574e+36,5.423272228768315e+34,3.661410380169574e+36,6.232174580353153,0.010386957633921919,6.664082832618455,0.0,0.0,0.3,0.1,0,stationary,none,10
6167.423043688456,4998.554684521245,6167.423043688456,227.6,0.37933333333333336,61.2,132.8,580.7,7987.94833507985,6755.633192738664,7987.94833507985,8.224354077980836,0.013707256796634728,9.260669522232181,21.894291493446413,4.561797891182818,0.3,0.1,0,stationary,full,10
2.1666106460933635e+69,1.8144650239163192e+67,2.1666106460933635e+69,468.8,0.7813333333333332,468.5,0.0,0.0,5.26483373685707e+69,4.3598808132536295e+67,5.26483373685707e+69,5.758472019555188,0.009597453365925318,6.053924347066125,0.0,0.0,0.3,0.2,0,stationary,none,10
6167.423043688456,4998.554684521245,6167.423043688456,227.6,0.37933333333333336,61.2,132.8,580.7,7987.94833507985,6755.633192738664,7987.94833507985,8.224354077980836,0.013707256796634728,9.260669522232181,21.894291493446413,4.561797891182818,0.3,0.2,0,stationary,full,10
5.217093621017674e+99,3.3249469335008492e+97,5.217093621017674e+99,455.7,0.7595,455.5,0.0,0.0,1.3831758230518166e+100,8.759434761110762e+97,1.3831758230518166e+100,6.245798587850877,0.010409664313084786,6.053924347066125,0.0,0.0,0.3,0.3,0,stationary,none,10
6167.423043688456,4998.554684521245,6167.423043688456,227.6,0.37933333333333336,61.2,132.8,580.7,7987.94833507985,6755.633192738664,7987.94833507985,8.224354077980836,0.013707256796634728,9.260669522232181,21.894291493446413,4.561797891182818,0.3,0.3,0,stationary,full,10
9.494797135356259e+153,4.645962796123824e+151,9.494797135356259e+153,446.0,0.7433333333333334,445.9,0.0,0.0,inf,1.2954797017485327e+152,inf,5.585696017507576,0.009309493362512649,5.629387178015028,0.0,0.0,0.3,0.5,0,stationary,none,10
6167.423043688456,4998.554684521245,6167.423043688456,227.6,0.37933333333333336,61.2,132.8,580.7,7987.94833507985,6755.633192738664,7987.94833507985,8.224354077980836,0.013707256796634728,9.260669522232181,21.894291493446413,4.561797891182818,0.3,0.5,0,stationary,full,10
2.456417717461729e+201,1.0596559163653031e+199,2.456417717461729e+201,441.0,0.735,441.0,0.0,0.0,inf,inf,inf,5.310367218940701,0.00885061203156785,5.310367218940701,0.0,0.0,0.3,0.7,0,stationary,none,10
6167.423043688456,4998.554684521245,6167.423043688456,227.6,0.37933333333333336,61.2,132.8,580.7,7987.94833507985,6755.633192738664,7987.94833507985,8.224354077980836,0.013707256796634728,9.260669522232181,21.894291493446413,4.561797891182818,0.3,0.7,0,stationary,full,10
8.337076677983375e+262,3.270762715308796e+260,8.337076677983375e+262,437.7,0.7295,437.7,0.0,0.0,inf,inf,inf,5.235456045083369,0.00872576007513895,5.235456045083369,0.0,0.0,0.3,1.0,0,stationary,none,10
6167.423043688456,4998.554684521245,6167.423043688456,227.6,0.37933333333333336,61.2,132.8,580.7,7987.94833507985,6755.633192738664,7987.94833507985,8.224354077980836,0.013707256796634728,9.260669522232181,21.894291493446413,4.561797891182818,0.3,1.0,0,stationary,full,10
10716.117861350513,1409.091662211708,10716.725733642048,392.4,0.654,279.1,0.0,0.0,6834.883648933683,859.1663609143654,6834.404893404622,23.76636278440603,0.03961060464067674,40.227975340551254,0.0,0.0,0.4,0.01,0,stationary,none,10
1852.0219337066894,1326.3537404781584,1852.0219337066894,222.0,0.37,63.1,132.4,581.7,1855.517109621013,1372.9440422485457,1855.517109621013,3.9496835316262997,0.006582805886043828,8.371977066380438,36.557352201711765,5.119570294468081,0.4,0.01,0,stationary,full,10
9.76950973041057e+16,2519226974107275.0,9.769509730871018e+16,482.8,0.8046666666666666,469.5,0.0,0.0,1.358889647827644e+17,3377967434095750.0,1.3588896478045766e+17,13.227244611029162,0.022045407685048604,16.169415573854238,0.0,0.0,0.4,0.05,0,stationary,none,10
1852.0219337066894,1326.3537404781584,1852.0219337066894,222.0,0.37,63.1,132.4,581.7,1855.517109621013,1372.9440422485457,1855.517109621013,3.9496835316262997,0.006582805886043828,8.371977066380438,36.557352201711765,5.119570294468081,0.4,0.05,0,stationary,full,10
5.779747909495015e+32,7.353282378446527e+30,5.779747909495015e+32,485.1,0.8084999999999999,481.8,0.0,0.0,1.1486906552953272e+33,1.3853309438596644e+31,1.1486906552953272e+33,11.379367293483412,0.018965612155805684,11.53082824431966,0.0,0.0,0.4,0.1,0,stationary,none,10
1852.0219337066894,1326.3537404781584,1852.0219337066894,222.0,0.37,63.1,132.4,581.7,1855.517109621013,1372.9440422485457,1855.517109621013,3.9496835316262997,0.006582805886043828,8.371977066380438,36.557352201711765,5.119570294468081,0.4,0.1,0,stationary,full,10
3.1024247703116507e+62,2.063522094704309e+60,3.1024247703116507e+62,436.4,0.7273333333333334,435.7,0.0,0.0,7.176661392538226e+62,4.4458849478934266e+60,7.176661392538226e+62,8.46404158779953,0.014106735979665877,9.022749026765624,0.0,0.0,0.4,0.2,0,stationary,none,10
1852.0219337066894,1326.3537404781584,1852.0219337066894,222.0,0.37,63.1,132.4,581.7,1855.517109621013,1372.9440422485457,1855.517109621013,3.9496835316262997,0.006582805886043828,8.371977066380438,36.557352201711765,5.119570294468081,0.4,0.2,0,stationary,full,10
7.034492153960771e+89,3.387510173965243e+87,7.034492153960771e+89,415.4,0.6923333333333332,415.2,0.0,0.0,1.6732977309877452e+90,7.454309517132553e+87,1.6732977309877452e+90,12.491597175701754,0.020819328626169597,12.456323695216016,0.0,0.0,0.4,0.3,0,stationary,none,10
1852.0219337066894,1326.3537404781584,1852.0219337066894,222.0,0.37,63.1,132.4,581.7,1855.517109621013,1372.9440422485457,1855.517109621013,3.9496835316262997,0.006582805886043828,8.371977066380438,36.557352201711765,5.119570294468081,0.4,0.3,0,stationary,full,10
4.978863006477331e+138,1.7209618967222325e+136,4.978863006477331e+138,399.7,0.6661666666666667,399.5,0.0,0.0,1.205554492686417e+139,3.816943502533313e+136,1.205554492686417e+139,12.696850003051937,0.021161416671753246,12.978828914813539,0.0,0.0,0.4,0.5,0,stationary,none,10
1852.0219337066894,1326.3537404781584,1852.0219337066894,222.0,0.37,63.1,132.4,581.7,1855.517109621013,1372.9440422485457,1855.517109621013,3.9496835316262997,0.006582805886043828,8.371977066380438,36.557352201711765,5.119570294468081,0.4,0.5,0,stationary,full,10
2.4222137374746662e+181,7.037512077498315e+178,2.4222137374746662e+181,391.3,0.6521666666666667,391.3,0.0,0.0,inf,inf,inf,14.04314779527724,0.023405246325462068,14.04314779527724,0.0,0.0,0.4,0.7,0,stationary,none,10
1852.0219337066894,1326.3537404781584,1852.0219337066894,222.0,0.37,63.1,132.4,581.7,1855.517109621013,1372.9440422485457,1855.517109621013,3.9496835316262997,0.006582805886043828,8.371977066380438,36.557352201711765,5.119570294468081,0.4,0.7,0,stationary,full,10
6.172597275113139e+236,1.5388371949295591e+234,6.172597275113139e+236,386.7,0.6445000000000001,386.7,0.0,0.0,inf,inf,inf,14.642745644174797,0.02440457607362465,14.642745644174797,0.0,0.0,0.4,1.0,0,stationary,none,10
1852.0219337066894,1326.3537404781584,1852.0219337066894,222.0,0.37,63.1,132.4,581.7,1855.517109621013,1372.9440422485457,1855.517109621013,3.9496835316262997,0.006582805886043828,8.371977066380438,36.557352201711765,5.119570294468081,0.4,1.0,0,stationary,full,10
2078.8791274353357,339.9212121288809,2079.1565558956613,342.0,0.57,202.3,0.0,0.0,872.6266832669335,135.19628867541317,872.3454167647049,16.037456157383563,0.026729093595639273,22.856290162666383,0.0,0.0,0.5,0.01,0,stationary,none,10
807.86332736902,579.362660924967,813.7125767050582,225.7,0.37616666666666665,58.9,125.8,581.9,1319.1490766214624,946.7316559454301,1320.3966004524248,8.544588931013593,0.014240981551689326,7.313685801290618,27.054759285567485,4.109744517606903,0.5,0.01,0,stationary,full,10
42432465554633.336,1395408557036.7927,42432465862824.21,440.5,0.7341666666666666,422.0,0.0,0.0,44367314584479.516,1369575075989.5586,44367314594497.125,12.34706442843804,0.020578440714063412,14.642404174178502,0.0,0.0,0.5,0.05,0,stationary,none,10
807.86332736902,579.362660924967,813.7125767050582,225.7,0.37616666666666665,58.9,125.8,581.9,1319.1490766214624,946.7316559454301,1320.3966004524248,8.544588931013593,0.014240981551689326,7.313685801290618,27.054759285567485,4.109744517606903,0.5,0.05,0,stationary,full,10
1.4091400949661022e+26,2.3329800074972363e+24,1.4091400949661114e+26,447.5,0.7458333333333333,442.5,0.0,0.0,2.3696751110254846e+26,3.6163444965854346e+24,2.3696751110254846e+26,13.980343343423293,0.023300572239038815,13.807606599262597,0.0,0.0,0.5,0.1,0,stationary,none,10
807.86332736902,579.362660924967,813.7125767050582,225.7,0.37616666666666665,58.9,125.8,581.9,1319.1490766214624,946.7316559454301,1320.3966004524248,8.544588931013593,0.014240981551689326,7.313685801290618,27.054759285567485,4.109744517606903,0.5,0.1,0,stationary,full,10
4.700619930539012e+49,4.087885086359988e+47,4.700619930539012e+49,400.3,0.6671666666666667,399.3,0.0,0.0,1.0959055790167147e+50,9.23394264382948e+47,1.0959055790167147e+50,12.522379965485793,0.02087063327580965,12.116517651536682,0.0,0.0,0.5,0.2,0,stationary,none,10
807.86332736902,579.362660924967,813.7125767050582,225.7,0.37616666666666665,58.9,125.8,581.9,1319.1490766214624,946.7316559454301,1320.3966004524248,8.544588931013593,0.014240981551689326,7.313685801290618,27.054759285567485,4.109744517606903,0.5,0.2,0,stationary,full,10
2.1533102664949146e+71,1.4037066925430247e+69,2.1533102664949146e+71,370.8,0.6180000000000001,370.4,0.0,0.0,5.348921651662785e+71,3.473738761476195e+69,5.348921651662785e+71,11.76265276202609,0.01960442127004348,11.577564510725042,0.0,0.0,0.5,0.3,0,stationary,none,10
807.86332736902,579.362660924967,813.7125767050582,225.7,0.37616666666666665,58.9,125.8,581.9,1319.1490766214624,946.7316559454301,1320.3966004524248,8.544588931013593,0.014240981551689326,7.313685801290618,27.054759285567485,4.109744517606903,0.5,0.3,0,stationary,full,10
1.0517260846500246e+110,5.180707994616922e+107,1.0517260846500246e+110,347.9,0.5798333333333334,347.7,0.0,0.0,2.6024636562538864e+110,1.3056615615628722e+108,2.6024636562538864e+110,9.470480452437457,0.015784134087395763,9.539916142189092,0.0,0.0,0.5,0.5,0,stationary,none,10
807.86332736902,579.362660924967,813.7125767050582,225.7,0.37616666666666665,58.9,125.8,581.9,1319.1490766214624,946.7316559454301,1320.3966004524248,8.544588931013593,0.014240981551689326,7.313685801290618,27.054759285567485,4.109744517606903,0.5,0.5,0,stationary,full,10
6.589499655965546e+143,2.8042618230399234e+141,6.589499655965546e+143,334.8,0.558,334.7,0.0,0.0,1.6066079793580923e+144,7.074257946300179e+141,1.6066079793580923e+144,9.957911427603682,0.016596519046006144,9.747307320486001,0.0,0.0,0.5,0.7,0,stationary,none,10
807.86332736902,579.362660924967,813.7125767050582,225.7,0.37616666666666665,58.9,125.8,581.9,1319.1490766214624,946.7316559454301,1320.3966004524248,8.544588931013593,0.014240981551689326,7.313685801290618,27.054759285567485,4.109744517606903,0.5,0.7,0,stationary,full,10
4.634254958831862e+187,1.743773602623526e+185,4.634254958831862e+187,323.3,0.5388333333333333,323.3,0.0,0.0,inf,inf,inf,11.180787092150533,0.018634645153584217,11.180787092150533,0.0,0.0,0.5,1.0,0,stationary,none,10
807.86332736902,579.362660924967,813.7125767050582,225.7,0.37616666666666665,58.9,125.8,581.9,1319.1490766214624,946.7316559454301,1320.3966004524248,8.544588931013593,0.014240981551689326,7.313685801290618,27.054759285567485,4.109744517606903,0.5,1.0,0,stationary,full,10
764.6684685126754,154.90878124945957,765.1970723414745,307.7,0.5128333333333334,153.2,0.0,0.0,432.87051990858237,90.9942099066171,432.5331266949395,19.98024023879593,0.03330040039799321,27.675982367388514,0.0,0.0,0.6,0.01,0,stationary,none,10
383.2973546235845,278.9463541613197,388.9501650909662,223.5,0.37249999999999994,57.0,102.3,585.2,439.3660589441233,337.60211613446535,436.64940950322404,8.224962005991275,0.013708270009985464,6.44980619863884,22.13616949700196,2.315167380558045,0.6,0.01,0,stationary,full,10
206404940548.05728,8126263248.028216,206404995912.2784,414.9,0.6915000000000001,394.4,0.0,0.0,138899831562.144,5589601822.401255,138899856730.10892,13.787313008704777,0.02297885501450796,14.954597955144097,0.0,0.0,0.6,0.05,0,stationary,none,10
383.2973546235845,278.9463541613197,388.9501650909662,223.5,0.37249999999999994,57.0,102.3,585.2,439.3660589441233,337.60211613446535,436.64940950322404,8.224962005991275,0.013708270009985464,6.44980619863884,22.13616949700196,2.315167380558045,0.6,0.05,0,stationary,full,10
2.981899583606002e+21,6.315470785996703e+19,2.9818995836171206e+21,421.2,0.7020000000000001,414.9,0.0,0.0,2.9070199789860825e+21,6.496148167055243e+19,2.90701997899288e+21,13.629380029920657,0.02271563338320108,14.480676779764128,0.0,0.0,0.6,0.1,0,stationary,none,10
383.2973546235845,278.9463541613197,388.9501650909662,223.5,0.37249999999999994,57.0,102.3,585.2,439.3660589441233,337.60211613446535,436.64940950322404,8.224962005991275,0.013708270009985464,6.44980619863884,22.13616949700196,2.315167380558045,0.6,0.1,0,stationary,full,10
3.774894789003956e+40,4.357787982186655e+38,3.774894789003956e+40,389.6,0.6493333333333333,388.3,0.0,0.0,5.053318738252882e+40,5.546810845445468e+38,5.053318738252882e+40,8.879189152169245,0.014798648586948725,9.423905772024677,0.0,0.0,0.6,0.2,0,stationary,none,10
383.2973546235845,278.9463541613197,388.9501650909662,223.5,0.37249999999999994,57.0,102.3,585.2,439.3660589441233,337.60211613446535,436.64940950322404,8.224962005991275,0.013708270009985464,6.44980619863884,22.13616949700196,2.315167380558045,0.6,0.2,0,stationary,full,10
1.734381590189546e+58,1.3158078636052086e+56,1.734381590189546e+58,344.7,0.5745,344.2,0.0,0.0,2.904278441881423e+58,2.0402874472378065e+56,2.904278441881423e+58,7.707788269017255,0.012846313781695432,7.717512552629894,0.0,0.0,0.6,0.3,0,stationary,none,10
383.2973546235845,278.9463541613197,388.9501650909662,223.5,0.37249999999999994,57.0,102.3,585.2,439.3660589441233,337.60211613446535,436.64940950322404,8.224962005991275,0.013708270009985464,6.44980619863884,22.13616949700196,2.315167380558045,0.6,0.3,0,stationary,full,10
7.976799876830086e+89,3.50456217287811e+87,7.976799876830086e+89,310.1,0.5168333333333334,309.8,0.0,0.0,1.5436528842118708e+90,6.653706628027718e+87,1.5436528842118708e+90,8.419619943916707,0.014032699906527847,8.340263784797218,0.0,0.0,0.6,0.5,0,stationary,none,10
383.2973546235845,278.9463541613197,388.9501650909662,223.5,0.37249999999999994,57.0,102.3,585.2,439.3660589441233,337.60211613446535,436.64940950322404,8.224962005991275,0.013708270009985464,6.44980619863884,22.13616949700196,2.315167380558045,0.6,0.5,0,stationary,full,10
4.087704827514454e+117,1.327877230453937e+115,4.087704827514454e+117,295.1,0.4918333333333333,294.9,0.0,0.0,8.120139290204107e+117,2.6443589015731304e+115,8.120139290204107e+117,8.971621926942753,0.014952703211571263,8.94930164873215,0.0,0.0,0.6,0.7,0,stationary,none,10
383.2973546235845,278.9463541613197,388.9501650909662,223.5,0.37249999999999994,57.0,102.3,585.2,439.3660589441233,337.60211613446535,436.64940950322404,8.224962005991275,0.013708270009985464,6.44980619863884,22.13616949700196,2.315167380558045,0.6,0.7,0,stationary,full,10
3.7634893291227576e+153,9.579208769493973e+150,3.7634893291227576e+153,283.3,0.4721666666666667,283.3,0.0,0.0,inf,1.927498846568791e+151,inf,9.000555538409838,0.015000925897349728,9.000555538409838,0.0,0.0,0.6,1.0,0,stationary,none,10
383.2973546235845,278.9463541613197,388.9501650909662,223.5,0.37249999999999994,57.0,102.3,585.2,439.3660589441233,337.60211613446535,436.64940950322404,8.224962005991275,0.013708270009985464,6.44980619863884,22.13616949700196,2.315167380558045,0.6,1.0,0,stationary,full,10
920356.5635922566,77849.98520017108,920356.5635922566,527.5,0.8791666666666667,470.7,0.0,0.0,463128.3363212063,39172.18599729792,463128.3363212063,13.336041391657421,0.022226735652762362,21.982038122066843,0.0,0.0,0.0,0.01,1,single_drift,none,10
20641087093.99046,1745916307.2461705,20641087093.99046,599.0,0.9983333333333333,599.0,0.0,0.0,2188124956.5653286,185081522.80111593,2188124956.5653286,0.0,0.0,0.0,0.0,0.0,0.0,0.01,1,single_drift,full,10
1.5606812295853976e+26,2.7978065945006597e+24,1.5606812295853976e+26,594.2,0.9903333333333334,587.4,0.0,0.0,8.14582094360161e+25,1.4602874130602527e+24,8.14582094360161e+25,2.7129319932501073,0.004521553322083512,4.152107898405339,0.0,0.0,0.0,0.05,1,single_drift,none,10
20641087093.99046,1745916307.2461705,20641087093.99046,599.0,0.9983333333333333,599.0,0.0,0.0,2188124956.5653286,185081522.80111593,2188124956.5653286,0.0,0.0,0.0,0.0,0.0,0.0,0.05,1,single_drift,full,10
2.5786117563483584e+50,2.476285893001201e+48,2.5786117563483584e+50,597.9,0.9964999999999999,595.5,0.0,0.0,1.33475124528414e+50,1.281784926026833e+48,1.33475124528414e+50,0.9433981132056604,0.001572330188676098,2.247220505424423,0.0,0.0,0.0,0.1,1,single_drift,none,10
20641087093.99046,1745916307.2461705,20641087093.99046,599.0,0.9983333333333333,599.0,0.0,0.0,2188124956.5653286,185081522.80111593,2188124956.5653286,0.0,0.0,0.0,0.0,0.0,0.0,0.1,1,single_drift,full,10
5.017833627841794e+95,2.737000160640978e+93,5.017833627841794e+95,598.9,0.9981666666666665,598.4,0.0,0.0,2.5851186896568783e+95,1.4100647398128427e+93,2.5851186896568783e+95,0.30000000000000004,0.0004999999999999782,0.6633249580710799,0.0,0.0,0.0,0.2,1,single_drift,none,10
20641087093.99046,1745916307.2461705,20641087093.99046,599.0,0.9983333333333333,599.0,0.0,0.0,2188124956.5653286,185081522.80111593,2188124956.5653286,0.0,0.0,0.0,0.0,0.0,0.0,0.2,1,single_drift,full,10
2.289611222579055e+137,9.346480594585999e+134,2.289611222579055e+137,599.0,0.9983333333333333,598.8,0.0,0.0,1.1728736283234985e+137,4.7878174682770834e+134,1.1728736283234985e+137,0.0,0.0,0.4,0.0,0.0,0.0,0.3,1,single_drift,none,10
20641087093.99046,1745916307.2461705,20641087093.99046,599.0,0.9983333333333333,599.0,0.0,0.0,2188124956.5653286,185081522.80111593,2188124956.5653286,0.0,0.0,0.0,0.0,0.0,0.0,0.3,1,single_drift,full,10
6.862436369394258e+211,2.0587309108182772e+209,6.862436369394258e+211,599.0,0.9983333333333333,599.0,0.0,0.0,inf,inf,inf,0.0,0.0,0.0,0.0,0.0,0.0,0.5,1,single_drift,none,10
20641087093.99046,1745916307.2461705,20641087093.99046,599.0,0.9983333333333333,599.0,0.0,0.0,2188124956.5653286,185081522.80111593,2188124956.5653286,0.0,0.0,0.0,0.0,0.0,0.0,0.5,1,single_drift,full,10
9.458941137381706e+276,2.4106119829835212e+274,9.458941137381706e+276,599.0,0.9983333333333333,599.0,0.0,0.0,inf,inf,inf,0.0,0.0,0.0,0.0,0.0,0.0,0.7,1,single_drift,none,10
20641087093.99046,1745916307.2461705,20641087093.99046,599.0,0.9983333333333333,599.0,0.0,0.0,2188124956.5653286,185081522.80111593,2188124956.5653286,0.0,0.0,0.0,0.0,0.0,0.0,0.7,1,single_drift,full,10
inf,inf,inf,510.6,0.851,510.6,0.0,0.0,,,,0.48989794855663565,0.0008164965809277449,0.48989794855663565,0.0,0.0,0.0,1.0,1,single_drift,none,10
20641087093.99046,1745916307.2461705,20641087093.99046,599.0,0.9983333333333333,599.0,0.0,0.0,2188124956.5653286,185081522.80111593,2188124956.5653286,0.0,0.0,0.0,0.0,0.0,0.0,1.0,1,single_drift,full,10
504459.1218559047,44602.34253374654,504459.1218559047,512.5,0.8541666666666666,446.2,0.0,0.0,246652.53407206398,21456.11810843437,246652.53407206398,15.318289721767245,0.02553048286961206,21.535087647836498,0.0,0.0,0.05,0.01,1,single_drift,none,10
113429.19812199015,99801.11099406982,113429.19812199015,233.3,0.38883333333333336,75.5,151.5,569.1,110989.6812327797,97678.95410140697,110989.6812327797,6.870953354520754,0.011451588924201245,11.612493272333896,20.616740770548578,12.461540835707275,0.05,0.01,1,single_drift,full,10
8.902978867698827e+24,1.651146589272317e+23,8.902978867698827e+24,577.9,0.9631666666666666,570.6,0.0,0.0,5.418861605432287e+24,9.74377218455684e+22,5.418861605432287e+24,4.825971404805461,0.008043285674675762,5.76541412215983,0.0,0.0,0.05,0.05,1,single_drift,none,10
113429.19812199015,99801.11099406982,113429.19812199015,233.3,0.38883333333333336,75.5,151.5,569.1,110989.6812327797,97678.95410140697,110989.6812327797,6.870953354520754,0.011451588924201245,11.612493272333896,20.616740770548578,12.461540835707275,0.05,0.05,1,single_drift,full,10
1.1255657257048759e+48,1.1105218993925451e+46,1.1255657257048759e+48,577.7,0.9628333333333332,575.2,0.0,0.0,1.0164939728846326e+48,9.818489957292774e+45,1.0164939728846326e+48,3.2878564445547194,0.005479760740924546,4.331281565541543,0.0,0.0,0.05,0.1,1,single_drift,none,10
113429.19812199015,99801.11099406982,113429.19812199015,233.3,0.38883333333333336,75.5,151.5,569.1,110989.6812327797,97678.95410140697,110989.6812327797,6.870953354520754,0.011451588924201245,11.612493272333896,20.616740770548578,12.461540835707275,0.05,0.1,1,single_drift,full,10
2.4970451133507453e+91,1.387521058618736e+89,2.4970451133507453e+91,575.1,0.9585000000000001,574.5,0.0,0.0,3.44530362791616e+91,1.886655339342829e+89,3.44530362791616e+91,3.986226285598949,0.006643710475998265,3.8535697735995385,0.0,0.0,0.05,0.2,1,single_drift,none,10
113429.19812199015,99801.11099406982,113429.19812199015,233.3,0.38883333333333336,75.5,151.5,569.1,110989.6812327797,97678.95410140697,110989.6812327797,6.870953354520754,0.011451588924201245,11.612493272333896,20.616740770548578,12.461540835707275,0.05,0.2,1,single_drift,full,10
2.2127087491915857e+131,9.144124733751177e+128,2.2127087491915857e+131,573.5,0.9558333333333333,573.3,0.0,0.0,3.572163955526834e+131,1.4606292019249945e+129,3.572163955526834e+131,3.774917217635375,0.006291528696058967,3.7696153649941526,0.0,0.0,0.05,0.3,1,single_drift,none,10
113429.19812199015,99801.11099406982,113429.19812199015,233.3,0.38883333333333336,75.5,151.5,569.1,110989.6812327797,97678.95410140697,110989.6812327797,6.870953354520754,0.011451588924201245,11.612493272333896,20.616740770548578,12.461540835707275,0.05,0.3,1,single_drift,full,10
6.3773683611855255e+202,1.9232757565989297e+200,6.3773683611855255e+202,572.0,0.9533333333333334,572.0,0.0,0.0,inf,inf,inf,4.33589667773576,0.007226494462892958,4.33589667773576,0.0,0.0,0.05,0.5,1,single_drift,none,10
113429.19812199015,99801.11099406982,113429.19812199015,233.3,0.38883333333333336,75.5,151.5,569.1,110989.6812327797,97678.95410140697,110989.6812327797,6.870953354520754,0.011451588924201245,11.612493272333896,20.616740770548578,12.461540835707275,0.05,0.5,1,single_drift,full,10
2.068626791893474e+265,5.28399256463391e+262,2.068626791893474e+265,571.3,0.9521666666666666,571.3,0.0,0.0,inf,inf,inf,4.1000000000000005,0.00683333333333333,4.1000000000000005,0.0,0.0,0.05,0.7,1,single_drift,none,10
113429.19812199015,99801.11099406982,113429.19812199015,233.3,0.38883333333333336,75.5,151.5,569.1,110989.6812327797,97678.95410140697,110989.6812327797,6.870953354520754,0.011451588924201245,11.612493272333896,20.616740770548578,12.461540835707275,0.05,0.7,1,single_drift,full,10
inf,inf,inf,511.9,0.8531666666666669,511.9,0.0,0.0,,,,0.7,0.0011666666666666587,0.7,0.0,0.0,0.05,1.0,1,single_drift,none,10
113429.19812199015,99801.11099406982,113429.19812199015,233.3,0.38883333333333336,75.5,151.5,569.1,110989.6812327797,97678.95410140697,110989.6812327797,6.870953354520754,0.011451588924201245,11.612493272333896,20.616740770548578,12.461540835707275,0.05,1.0,1,single_drift,full,10
251567.62617959274,23551.612357739144,251567.62617959274,492.5,0.8208333333333332,418.1,0.0,0.0,117969.83151326836,10840.91591671677,117969.83151326836,16.8062488378579,0.02801041472976319,20.48633691024337,0.0,0.0,0.1,0.01,1,single_drift,none,10
55319.37650159826,50143.201464312806,55320.330895815896,230.1,0.3835,66.5,142.5,574.6,71440.05976007441,65548.90391002467,71441.41031338788,7.189575787207476,0.011982626312012462,7.774959806970066,28.876461001999537,9.210863151735563,0.1,0.01,1,single_drift,full,10
3.114155485576736e+23,6.182006522811837e+21,3.114155485576736e+23,561.6,0.9359999999999999,554.0,0.0,0.0,2.230990400005532e+23,4.6637635515829217e+21,2.230990400005532e+23,5.023942674832188,0.008373237791386972,5.531726674375733,0.0,0.0,0.1,0.05,1,single_drift,none,10
55319.37650159826,50143.201464312806,55320.330895815896,230.1,0.3835,66.5,142.5,574.6,71440.05976007441,65548.90391002467,71441.41031338788,7.189575787207476,0.011982626312012462,7.774959806970066,28.876461001999537,9.210863151735563,0.1,0.05,1,single_drift,full,10
1.7334981491512423e+45,1.9168780300394023e+43,1.7334981491512423e+45,556.1,0.9268333333333334,553.5,0.0,0.0,2.0816905923602584e+45,2.46354916223914e+43,2.0816905923602584e+45,5.48543526076099,0.009142392101268307,5.5362442142665635,0.0,0.0,0.1,0.1,1,single_drift,none,10
55319.37650159826,50143.201464312806,55320.330895815896,230.1,0.3835,66.5,142.5,574.6,71440.05976007441,65548.90391002467,71441.41031338788,7.189575787207476,0.011982626312012462,7.774959806970066,28.876461001999537,9.210863151735563,0.1,0.1,1,single_drift,full,10
1.252108015258707e+86,8.322488358230348e+83,1.252108015258707e+86,546.9,0.9114999999999999,546.0,0.0,0.0,2.2412036589929274e+86,1.5498940490199289e+84,2.2412036589929274e+86,5.412023651093923,0.009020039418489882,5.709640969448079,0.0,0.0,0.1,0.2,1,single_drift,none,10
55319.37650159826,50143.201464312806,55320.330895815896,230.1,0.3835,66.5,142.5,574.6,71440.05976007441,65548.90391002467,71441.41031338788,7.189575787207476,0.011982626312012462,7.774959806970066,28.876461001999537,9.210863151735563,0.1,0.2,1,single_drift,full,10
5.674203424300564e+123,2.846450927405776e+121,5.674203424300564e+123,542.4,0.9039999999999999,542.2,0.0,0.0,1.1433713957988086e+124,5.897052543053414e+121,1.1433713957988086e+124,6.1838499334961226,0.010306416555826868,6.161168720299745,0.0,0.0,0.1,0.3,1,single_drift,none,10
55319.37650159826,50143.201464312806,55320.330895815896,230.1,0.3835,66.5,142.5,574.6,71440.05976007441,65548.90391002467,71441.41031338788,7.189575787207476,0.011982626312012462,7.774959806970066,28.876461001999537,9.210863151735563,0.1,0.3,1,single_drift,full,10
1.2276558433768181e+191,4.3849129144469735e+188,1.2276558433768181e+191,539.1,0.8985,539.1,0.0,0.0,inf,inf,inf,5.85576638878294,0.009759610647971548,5.85576638878294,0.0,0.0,0.1,0.5,1,single_drift,none,10
55319.37650159826,50143.201464312806,55320.330895815896,230.1,0.3835,66.5,142.5,574.6,71440.05976007441,65548.90391002467,71441.41031338788,7.189575787207476,0.011982626312012462,7.774959806970066,28.876461001999537,9.210863151735563,0.1,0.5,1,single_drift,full,10
9.705263907453026e+249,2.826891250645257e+247,9.705263907453026e+249,537.9,0.8965000000000002,537.9,0.0,0.0,inf,inf,inf,5.699999999999999,0.00949999999999999,5.699999999999999,0.0,0.0,0.1,0.7,1,single_drift,none,10
55319.37650159826,50143.201464312806,55320.330895815896,230.1,0.3835,66.5,142.5,574.6,71440.05976007441,65548.90391002467,71441.41031338788,7.189575787207476,0.011982626312012462,7.774959806970066,28.876461001999537,9.210863151735563,0.1,0.7,1,single_drift,full,10
inf,inf,inf,513.6,0.8560000000000001,513.6,0.0,0.0,,,,1.8000000000000003,0.0029999999999999892,1.8000000000000003,0.0,0.0,0.1,1.0,1,single_drift,none,10
55319.37650159826,50143.201464312806,55320.330895815896,230.1,0.3835,66.5,142.5,574.6,71440.05976007441,65548.90391002467,71441.41031338788,7.189575787207476,0.011982626312012462,7.774959806970066,28.876461001999537,9.210863151735563,0.1,1.0,1,single_drift,full,10
90772.62119719994,9353.695694392873,90777.06471123082,459.4,0.7656666666666666,377.5,0.0,0.0,46488.410494630436,4749.214755524613,46492.895257752076,14.499655168313486,0.02416609194718915,27.36512378923216,0.0,0.0,0.2,0.01,1,single_drift,none,10
20976.821538028627,18729.69635411638,20976.821538028627,229.6,0.38266666666666665,68.3,141.4,578.9,48052.525066586015,44336.79032480882,48052.525066586015,9.871170143402452,0.01645195023900408,9.055937278934742,21.16695537860842,7.687002016391045,0.2,0.01,1,single_drift,full,10
2.1905908110946056e+21,4.839291587308844e+19,2.1905908110972124e+21,533.3,0.8888333333333334,524.7,0.0,0.0,1.5607257384006228e+21,3.334743923035386e+19,1.5607257384022264e+21,7.4839828968270625,0.012473304828045102,8.978307190111062,0.0,0.0,0.2,0.05,1,single_drift,none,10
20976.821538028627,18729.69635411638,20976.821538028627,229.6,0.38266666666666665,68.3,141.4,578.9,48052.525066586015,44336.79032480882,48052.525066586015,9.871170143402452,0.01645195023900408,9.055937278934742,21.16695537860842,7.687002016391045,0.2,0.05,1,single_drift,full,10
1.1140171075832892e+41,1.3337776714542705e+39,1.1140171075832892e+41,526.4,0.8773333333333333,523.6,0.0,0.0,9.681926839284877e+40,1.116851175373925e+39,9.681926839284877e+40,8.440379138403676,0.014067298564006129,8.82269800004511,0.0,0.0,0.2,0.1,1,single_drift,none,10
20976.821538028627,18729.69635411638,20976.821538028627,229.6,0.38266666666666665,68.3,141.4,578.9,48052.525066586015,44336.79032480882,48052.525066586015,9.871170143402452,0.01645195023900408,9.055937278934742,21.16695537860842,7.687002016391045,0.2,0.1,1,single_drift,full,10
1.0815330192478693e+78,7.376783345974211e+75,1.0815330192478693e+78,507.1,0.8451666666666666,506.3,0.0,0.0,1.398393572622395e+78,9.66142912135998e+75,1.398393572622395e+78,7.489325737341112,0.012482209562235185,7.950471684120383,0.0,0.0,0.2,0.2,1,single_drift,none,10
20976.821538028627,18729.69635411638,20976.821538028627,229.6,0.38266666666666665,68.3,141.4,578.9,48052.525066586015,44336.79032480882,48052.525066586015,9.871170143402452,0.01645195023900408,9.055937278934742,21.16695537860842,7.687002016391045,0.2,0.2,1,single_drift,full,10
1.4865785238288676e+112,7.607164325254246e+109,1.4865785238288676e+112,499.1,0.8318333333333333,498.7,0.0,0.0,2.767800341347903e+112,1.4626184903348946e+110,2.767800341347903e+112,9.32148056909416,0.015535800948490264,8.98943824718764,0.0,0.0,0.2,0.3,1,single_drift,none,10
20976.821538028627,18729.69635411638,20976.821538028627,229.6,0.38266666666666665,68.3,141.4,578.9,48052.525066586015,44336.79032480882,48052.525066586015,9.871170143402452,0.01645195023900408,9.055937278934742,21.16695537860842,7.687002016391045,0.2,0.3,1,single_drift,full,10
2.541246091123758e+173,9.535063231743943e+170,2.541246091123758e+173,492.4,0.8206666666666667,492.4,0.0,0.0,inf,inf,inf,9.36162379077476,0.01560270631795792,9.36162379077476,0.0,0.0,0.2,0.5,1,single_drift,none,10
20976.821538028627,18729.69635411638,20976.821538028627,229.6,0.38266666666666665,68.3,141.4,578.9,48052.525066586015,44336.79032480882,48052.525066586015,9.871170143402452,0.01645195023900408,9.055937278934742,21.16695537860842,7.687002016391045,0.2,0.5,1,single_drift,full,10
1.0801989798583957e+227,3.381693905082772e+224,1.0801989798583957e+227,489.5,0.8158333333333333,489.5,0.0,0.0,inf,inf,inf,8.628441342444185,0.014380735570740294,8.628441342444185,0.0,0.0,0.2,0.7,1,single_drift,none,10
20976.821538028627,18729.69635411638,20976.821538028627,229.6,0.38266666666666665,68.3,141.4,578.9,48052.525066586015,44336.79032480882,48052.525066586015,9.871170143402452,0.01645195023900408,9.055937278934742,21.16695537860842,7.687002016391045,0.2,0.7,1,single_drift,full,10
4.653588720784849e+296,1.2287535793425661e+294,4.653588720784849e+296,488.0,0.8133333333333332,488.0,0.0,0.0,inf,inf,inf,8.637129152675673,0.014395215254459446,8.637129152675673,0.0,0.0,0.2,1.0,1,single_drift,none,10
20976.821538028627,18729.69635411638,20976.821538028627,229.6,0.38266666666666665,68.3,141.4,578.9,48052.525066586015,44336.79032480882,48052.525066586015,9.871170143402452,0.01645195023900408,9.055937278934742,21.16695537860842,7.687002016391045,0.2,1.0,1,single_drift,full,10
30228.499819807137,3675.6275862039743,30231.645259819634,430.9,0.7181666666666666,335.2,0.0,0.0,12665.285909778075,1502.8442172424998,12670.553978927448,16.789580101956094,0.027982633503260156,24.210741417808748,0.0,0.0,0.3,0.01,1,single_drift,none,10
3303.233567473203,2600.959287349415,3303.233567473203,226.7,0.37783333333333335,61.5,136.4,582.2,3651.6250630038257,3040.0144024262877,3651.6250630038257,8.124653838779842,0.013541089731299737,7.749193506423749,22.39285600364545,2.7856776554368237,0.3,0.01,1,single_drift,full,10
8.978139235875977e+18,2.4520689586013014e+17,8.97813923605904e+18,509.0,0.8483333333333334,498.1,0.0,0.0,7.263722842037295e+18,2.0148011895275334e+17,7.263722842376358e+18,6.752777206453653,0.011254628677422746,8.005623023850173,0.0,0.0,0.3,0.05,1,single_drift,none,10
3303.233567473203,2600.959287349415,3303.233567473203,226.7,0.37783333333333335,61.5,136.4,582.2,3651.6250630038257,3040.0144024262877,3651.6250630038257,8.124653838779842,0.013541089731299737,7.749193506423749,22.39285600364545,2.7856776554368237,0.3,0.05,1,single_drift,full,10
2.511007701946739e+36,3.737697103169433e+34,2.511007701946739e+36,502.0,0.8366666666666667,498.3,0.0,0.0,3.601677068826813e+36,5.342899147356091e+34,3.601677068826813e+36,7.0,0.01166666666666667,7.014983962918233,0.0,0.0,0.3,0.1,1,single_drift,none,10
3303.233567473203,2600.959287349415,3303.233567473203,226.7,0.37783333333333335,61.5,136.4,582.2,3651.6250630038257,3040.0144024262877,3651.6250630038257,8.124653838779842,0.013541089731299737,7.749193506423749,22.39285600364545,2.7856776554368237,0.3,0.1,1,single_drift,full,10
1.9703278493232467e+69,1.6609644850158483e+67,1.9703278493232467e+69,469.9,0.7831666666666667,468.6,0.0,0.0,4.1796695096603655e+69,3.482910647595025e+67,4.1796695096603655e+69,6.876772498781677,0.011461287497969472,7.592101158440922,0.0,0.0,0.3,0.2,1,single_drift,none,10
3303.233567473203,2600.959287349415,3303.233567473203,226.7,0.37783333333333335,61.5,136.4,582.2,3651.6250630038257,3040.0144024262877,3651.6250630038257,8.124653838779842,0.013541089731299737,7.749193506423749,22.39285600364545,2.7856776554368237,0.3,0.2,1,single_drift,full,10
4.300383908182617e+99,2.7563921821565156e+97,4.300383908182617e+99,455.9,0.7598333333333332,455.5,0.0,0.0,1.0258910409962853e+100,6.512307740576591e+97,1.0258910409962853e+100,5.52177507691141,0.00920295846151899,5.643580423808985,0.0,0.0,0.3,0.3,1,single_drift,none,10
3303.233567473203,2600.959287349415,3303.233567473203,226.7,0.37783333333333335,61.5,136.4,582.2,3651.6250630038257,3040.0144024262877,3651.6250630038257,8.124653838779842,0.013541089731299737,7.749193506423749,22.39285600364545,2.7856776554368237,0.3,0.3,1,single_drift,full,10
7.731615069399813e+153,3.79107896304573e+151,7.731615069399813e+153,445.0,0.7416666666666667,445.0,0.0,0.0,inf,1.0028004314559784e+152,inf,4.898979485566356,0.008164965809277279,4.898979485566356,0.0,0.0,0.3,0.5,1,single_drift,none,10
3303.233567473203,2600.959287349415,3303.233567473203,226.7,0.37783333333333335,61.5,136.4,582.2,3651.6250630038257,3040.0144024262877,3651.6250630038257,8.124653838779842,0.013541089731299737,7.749193506423749,22.39285600364545,2.7856776554368237,0.3,0.5,1,single_drift,full,10
2.248546225641492e+201,9.70612598766517e+198,2.248546225641492e+201,439.9,0.7331666666666666,439.9,0.0,0.0,inf,inf,inf,4.323193264243457,0.007205322107072417,4.323193264243457,0.0,0.0,0.3,0.7,1,single_drift,none,10
3303.233567473203,2600.959287349415,3303.233567473203,226.7,0.37783333333333335,61.5,136.4,582.2,3651.6250630038257,3040.0144024262877,3651.6250630038257,8.124653838779842,0.013541089731299737,7.749193506423749,22.39285600364545,2.7856776554368237,0.3,0.7,1,single_drift,full,10
1.0085057924784691e+263,3.956878841839529e+260,1.0085057924784691e+263,436.5,0.7275,436.5,0.0,0.0,inf,inf,inf,4.4328320518603,0.0073880534197671545,4.4328320518603,0.0,0.0,0.3,1.0,1,single_drift,none,10
3303.233567473203,2600.959287349415,3303.233567473203,226.7,0.37783333333333335,61.5,136.4,582.2,3651.6250630038257,3040.0144024262877,3651.6250630038257,8.124653838779842,0.013541089731299737,7.749193506423749,22.39285600364545,2.7856776554368237,0.3,1.0,1,single_drift,full,10
11605.016584735222,1532.8386861928893,11606.059912296047,395.4,0.659,286.0,0.0,0.0,7177.401217867774,908.5116880251984,7178.08014278292,21.56942280173487,0.03594903800289145,36.46093800219627,0.0,0.0,0.4,0.01,1,single_drift,none,10
2699.518657196809,2063.481531889457,2702.3557247095896,222.0,0.37,64.0,141.7,581.1,2818.8078018181736,2197.345115168453,2817.025403024611,3.714835124201342,0.006191391873668901,7.6681158050723255,37.13771667725414,3.672873534441391,0.4,0.01,1,single_drift,full,10
1.1684614396113813e+17,3079203249226680.5,1.1684614396800563e+17,480.6,0.8009999999999999,467.7,0.0,0.0,1.6622389704701418e+17,4443202262276324.0,1.662238970444885e+17,14.086873322352266,0.023478122203920447,16.81695572926325,0.0,0.0,0.4,0.05,1,single_drift,none,10
2699.518657196809,2063.481531889457,2702.3557247095896,222.0,0.37,64.0,141.7,581.1,2818.8078018181736,2197.345115168453,2817.025403024611,3.714835124201342,0.006191391873668901,7.6681158050723255,37.13771667725414,3.672873534441391,0.4,0.05,1,single_drift,full,10
7.083623858540654e+32,9.484740306414579e+30,7.083623858540654e+32,487.1,0.8118333333333334,482.7,0.0,0.0,1.3096796151583175e+33,1.7749129758254609e+31,1.3096796151583175e+33,10.539924098398432,0.017566540163997394,11.009541316512692,0.0,0.0,0.4,0.1,1,single_drift,none,10
2699.518657196809,2063.481531889457,2702.3557247095896,222.0,0.37,64.0,141.7,581.1,2818.8078018181736,2197.345115168453,2817.025403024611,3.714835124201342,0.006191391873668901,7.6681158050723255,37.13771667725414,3.672873534441391,0.4,0.1,1,single_drift,full,10
3.49958539695307e+62,2.462255206101568e+60,3.49958539695307e+62,437.4,0.7289999999999999,436.3,0.0,0.0,7.256506317176449e+62,4.913278080249216e+60,7.256506317176449e+62,12.499599993599796,0.02083266665599966,12.649505919204909,0.0,0.0,0.4,0.2,1,single_drift,none,10
2699.518657196809,2063.481531889457,2702.3557247095896,222.0,0.37,64.0,141.7,581.1,2818.8078018181736,2197.345115168453,2817.025403024611,3.714835124201342,0.006191391873668901,7.6681158050723255,37.13771667725414,3.672873534441391,0.4,0.2,1,single_drift,full,10
7.761750085181035e+89,3.9003691624635253e+87,7.761750085181035e+89,414.5,0.6908333333333334,414.2,0.0,0.0,1.6999667670276884e+90,7.991737776519402e+87,1.6999667670276884e+90,12.491997438360288,0.020819995730600487,12.416118556135006,0.0,0.0,0.4,0.3,1,single_drift,none,10
2699.518657196809,2063.481531889457,2702.3557247095896,222.0,0.37,64.0,141.7,581.1,2818.8078018181736,2197.345115168453,2817.025403024611,3.714835124201342,0.006191391873668901,7.6681158050723255,37.13771667725414,3.672873534441391,0.4,0.3,1,single_drift,full,10
5.8370016793478006e+138,2.0551416531221014e+136,5.8370016793478006e+138,398.8,0.6646666666666666,398.8,0.0,0.0,1.3677744361031537e+139,4.4081112339917855e+136,1.3677744361031537e+139,13.607350954539243,0.022678918257565413,13.607350954539243,0.0,0.0,0.4,0.5,1,single_drift,none,10
2699.518657196809,2063.481531889457,2702.3557247095896,222.0,0.37,64.0,141.7,581.1,2818.8078018181736,2197.345115168453,2817.025403024611,3.714835124201342,0.006191391873668901,7.6681158050723255,37.13771667725414,3.672873534441391,0.4,0.5,1,single_drift,full,10
3.19478410877409e+181,9.297984916049907e+178,3.19478410877409e+181,390.7,0.6511666666666667,390.7,0.0,0.0,inf,inf,inf,14.121260566960727,0.02353543427826788,14.121260566960727,0.0,0.0,0.4,0.7,1,single_drift,none,10
2699.518657196809,2063.481531889457,2702.3557247095896,222.0,0.37,64.0,141.7,581.1,2818.8078018181736,2197.345115168453,2817.025403024611,3.714835124201342,0.006191391873668901,7.6681158050723255,37.13771667725414,3.672873534441391,0.4,0.7,1,single_drift,full,10
1.0222212764326452e+237,2.5141178328027183e+234,1.0222212764326452e+237,386.2,0.6436666666666666,386.1,0.0,0.0,inf,inf,inf,14.133647795243805,0.02355607965873968,14.152384958020326,0.0,0.0,0.4,1.0,1,single_drift,none,10
2699.518657196809,2063.481531889457,2702.3557247095896,222.0,0.37,64.0,141.7,581.1,2818.8078018181736,2197.345115168453,2817.025403024611,3.714835124201342,0.006191391873668901,7.6681158050723255,37.13771667725414,3.672873534441391,0.4,1.0,1,single_drift,full,10
2475.617769641166,405.494466294732,2476.061524976505,349.2,0.5820000000000001,213.4,0.0,0.0,974.2504343965328,156.56714299085593,974.0094070749594,16.63610531344401,0.02772684218907335,19.92084335564135,0.0,0.0,0.5,0.01,1,single_drift,none,10
889.4434137844128,641.0507793125264,889.4586903395104,227.6,0.3793333333333333,60.9,136.4,580.4,938.7350905403713,809.7862183383868,938.77561713085,6.406246951218788,0.010677078252031307,7.422263805605403,27.914870588988943,5.44426303552648,0.5,0.01,1,single_drift,full,10
55218509743525.92,1876544657864.3862,55218510059110.234,441.0,0.735,424.9,0.0,0.0,40881060905063.27,1348261608254.643,40881061220162.2,11.679041056525147,0.019465068427541907,11.978731151503483,0.0,0.0,0.5,0.05,1,single_drift,none,10
889.4434137844128,641.0507793125264,889.4586903395104,227.6,0.3793333333333333,60.9,136.4,580.4,938.7350905403713,809.7862183383868,938.77561713085,6.406246951218788,0.010677078252031307,7.422263805605403,27.914870588988943,5.44426303552648,0.5,0.05,1,single_drift,full,10
1.6394608906147083e+26,2.886401908551409e+24,1.6394608906147138e+26,446.3,0.7438333333333332,441.7,0.0,0.0,1.6650802223101816e+26,2.684628010881387e+24,1.6650802223101902e+26,12.657408897558774,0.02109568149593128,12.296747537458838,0.0,0.0,0.5,0.1,1,single_drift,none,10
889.4434137844128,641.0507793125264,889.4586903395104,227.6,0.3793333333333333,60.9,136.4,580.4,938.7350905403713,809.7862183383868,938.77561713085,6.406246951218788,0.010677078252031307,7.422263805605403,27.914870588988943,5.44426303552648,0.5,0.1,1,single_drift,full,10
3.9732250042105285e+49,3.654523354759242e+47,3.9732250042105285e+49,399.9,0.6664999999999999,398.6,0.0,0.0,5.752569847017221e+49,4.90623020820944e+47,5.752569847017221e+49,12.202049008260866,0.020336748347101422,11.689311356961968,0.0,0.0,0.5,0.2,1,single_drift,none,10
889.4434137844128,641.0507793125264,889.4586903395104,227.6,0.3793333333333333,60.9,136.4,580.4,938.7350905403713,809.7862183383868,938.77561713085,6.406246951218788,0.010677078252031307,7.422263805605403,27.914870588988943,5.44426303552648,0.5,0.2,1,single_drift,full,10
1.4996176644828842e+71,9.931342659221672e+68,1.4996176644828842e+71,368.2,0.6136666666666666,367.7,0.0,0.0,2.642449680017673e+71,1.7076000821755272e+69,2.642449680017673e+71,11.881077392223318,0.019801795653705538,11.95031380341119,0.0,0.0,0.5,0.3,1,single_drift,none,10
889.4434137844128,641.0507793125264,889.4586903395104,227.6,0.3793333333333333,60.9,136.4,580.4,938.7350905403713,809.7862183383868,938.77561713085,6.406246951218788,0.010677078252031307,7.422263805605403,27.914870588988943,5.44426303552648,0.5,0.3,1,single_drift,full,10
7.096451469802151e+109,3.365035780243576e+107,7.096451469802151e+109,345.4,0.5756666666666667,345.1,0.0,0.0,1.3880951282738249e+110,6.582128841255659e+107,1.3880951282738249e+110,9.275774900244183,0.015459624833740306,9.565040512198575,0.0,0.0,0.5,0.5,1,single_drift,none,10
889.4434137844128,641.0507793125264,889.4586903395104,227.6,0.3793333333333333,60.9,136.4,580.4,938.7350905403713,809.7862183383868,938.77561713085,6.406246951218788,0.010677078252031307,7.422263805605403,27.914870588988943,5.44426303552648,0.5,0.5,1,single_drift,full,10
5.211135789984112e+143,2.0344475502176842e+141,5.211135789984112e+143,335.2,0.5586666666666666,335.2,0.0,0.0,1.0563753081603405e+144,4.059537436293008e+141,1.0563753081603405e+144,8.71550342780037,0.014525839046333953,8.71550342780037,0.0,0.0,0.5,0.7,1,single_drift,none,10
889.4434137844128,641.0507793125264,889.4586903395104,227.6,0.3793333333333333,60.9,136.4,580.4,938.7350905403713,809.7862183383868,938.77561713085,6.406246951218788,0.010677078252031307,7.422263805605403,27.914870588988943,5.44426303552648,0.5,0.7,1,single_drift,full,10
5.035645162477403e+187,1.6212621762863426e+185,5.035645162477403e+187,327.2,0.5453333333333333,327.2,0.0,0.0,inf,inf,inf,8.364209466530594,0.013940349110884319,8.364209466530594,0.0,0.0,0.5,1.0,1,single_drift,none,10
889.4434137844128,641.0507793125264,889.4586903395104,227.6,0.3793333333333333,60.9,136.4,580.4,938.7350905403713,809.7862183383868,938.77561713085,6.406246951218788,0.010677078252031307,7.422263805605403,27.914870588988943,5.44426303552648,0.5,1.0,1,single_drift,full,10
947.5341793823533,190.0558858879708,947.9391074724772,314.5,0.5241666666666667,164.8,0.0,0.0,404.23916064558296,83.45551689523562,404.23381027840554,16.96614275549985,0.028276904592499742,24.032478024540044,0.0,0.0,0.6,0.01,1,single_drift,none,10
541.3826836727162,357.6514109979815,542.523051446941,225.9,0.3765,60.2,127.6,580.6,266.21870160730873,190.33180777214628,265.1108295278649,10.004498987955369,0.016674164979925615,6.64529909033446,27.594202289611488,5.332916650389353,0.6,0.01,1,single_drift,full,10
247887753307.51202,10020927517.062841,247887808932.5771,419.8,0.6996666666666667,400.8,0.0,0.0,149435287460.38474,6463008099.3552475,149435361969.27585,8.565045242145542,0.0142750754035759,11.169601604354563,0.0,0.0,0.6,0.05,1,single_drift,none,10
541.3826836727162,357.6514109979815,542.523051446941,225.9,0.3765,60.2,127.6,580.6,266.21870160730873,190.33180777214628,265.1108295278649,10.004498987955369,0.016674164979925615,6.64529909033446,27.594202289611488,5.332916650389353,0.6,0.05,1,single_drift,full,10
3.2815454145475673e+21,7.395778846641027e+19,3.281545414558698e+21,424.5,0.7075,418.2,0.0,0.0,3.1061084096551426e+21,7.67420346980157e+19,3.106108409668537e+21,9.12414379544733,0.015206906325745562,10.077698149875298,0.0,0.0,0.6,0.1,1,single_drift,none,10
541.3826836727162,357.6514109979815,542.523051446941,225.9,0.3765,60.2,127.6,580.6,266.21870160730873,190.33180777214628,265.1108295278649,10.004498987955369,0.016674164979925615,6.64529909033446,27.594202289611488,5.332916650389353,0.6,0.1,1,single_drift,full,10
3.066186632942598e+40,3.996311484081105e+38,3.066186632942598e+40,392.5,0.6541666666666667,391.1,0.0,0.0,4.537409822769249e+40,5.6768871894764946e+38,4.537409822769249e+40,6.591661399070799,0.010986102331784648,6.363175307973213,0.0,0.0,0.6,0.2,1,single_drift,none,10
541.3826836727162,357.6514109979815,542.523051446941,225.9,0.3765,60.2,127.6,580.6,266.21870160730873,190.33180777214628,265.1108295278649,10.004498987955369,0.016674164979925615,6.64529909033446,27.594202289611488,5.332916650389353,0.6,0.2,1,single_drift,full,10
9.939632252203389e+57,8.882242650792747e+55,9.939632252203389e+57,348.7,0.5811666666666666,348.3,0.0,0.0,1.9689684555922226e+58,1.531322844399095e+56,1.9689684555922226e+58,6.372597586541928,0.010620995977569875,6.181423784210237,0.0,0.0,0.6,0.3,1,single_drift,none,10
541.3826836727162,357.6514109979815,542.523051446941,225.9,0.3765,60.2,127.6,580.6,266.21870160730873,190.33180777214628,265.1108295278649,10.004498987955369,0.016674164979925615,6.64529909033446,27.594202289611488,5.332916650389353,0.6,0.3,1,single_drift,full,10
2.5336267078251883e+89,1.3242645595001875e+87,2.5336267078251883e+89,310.7,0.5178333333333334,310.5,0.0,0.0,6.65946235158823e+89,3.1169160043721403e+87,6.65946235158823e+89,6.856383886568779,0.011427306477614616,6.830080526611674,0.0,0.0,0.6,0.5,1,single_drift,none,10
541.3826836727162,357.6514109979815,542.523051446941,225.9,0.3765,60.2,127.6,580.6,266.21870160730873,190.33180777214628,265.1108295278649,10.004498987955369,0.016674164979925615,6.64529909033446,27.594202289611488,5.332916650389353,0.6,0.5,1,single_drift,full,10
9.043498125554226e+116,3.3668869270030716e+114,9.043498125554226e+116,293.5,0.48916666666666664,293.5,0.0,0.0,2.600926352547805e+117,9.210946052643368e+114,2.600926352547805e+117,8.440971508067067,0.014068285846778453,8.440971508067067,0.0,0.0,0.6,0.7,1,single_drift,none,10
541.3826836727162,357.6514109979815,542.523051446941,225.9,0.3765,60.2,127.6,580.6,266.21870160730873,190.33180777214628,265.1108295278649,10.004498987955369,0.016674164979925615,6.64529909033446,27.594202289611488,5.332916650389353,0.6,0.7,1,single_drift,full,10
6.275759729459767e+152,1.742511987786562e+150,6.275759729459767e+152,281.7,0.46950000000000003,281.7,0.0,0.0,1.8664749559993658e+153,5.115847646275273e+150,1.8664749559993658e+153,7.510659092250161,0.012517765153750261,7.510659092250161,0.0,0.0,0.6,1.0,1,single_drift,none,10
541.3826836727162,357.6514109979815,542.523051446941,225.9,0.3765,60.2,127.6,580.6,266.21870160730873,190.33180777214628,265.1108295278649,10.004498987955369,0.016674164979925615,6.64529909033446,27.594202289611488,5.332916650389353,0.6,1.0,1,single_drift,full,10
691942.2122583542,58529.52806477035,691942.2122583542,523.0,0.8716666666666667,457.4,0.0,0.0,269508.07458154636,22793.333389223884,269508.07458154636,12.561846997953765,0.020936411663256254,17.951044537853498,0.0,0.0,0.0,0.01,2,double_drift,none,10
20733641377.70267,1753744748.0922253,20733641377.70267,599.0,0.9983333333333333,599.0,0.0,0.0,2117787850.1611261,179132549.2644881,2117787850.1611261,0.0,0.0,0.0,0.0,0.0,0.0,0.01,2,double_drift,full,10
1.1352765881157543e+26,2.0351909567440982e+24,1.1352765881157543e+26,592.9,0.9881666666666666,585.3,0.0,0.0,3.969598821030872e+25,7.116232032823574e+23,3.969598821030872e+25,2.3853720883753127,0.003975620147292184,3.2264531609803355,0.0,0.0,0.0,0.05,2,double_drift,none,10
20733641377.70267,1753744748.0922253,20733641377.70267,599.0,0.9983333333333333,599.0,0.0,0.0,2117787850.1611261,179132549.2644881,2117787850.1611261,0.0,0.0,0.0,0.0,0.0,0.0,0.05,2,double_drift,full,10
1.8182487117946172e+50,1.7460959851361007e+48,1.8182487117946172e+50,596.9,0.9948333333333332,594.8,0.0,0.0,6.435712906342613e+49,6.180327473551239e+47,6.435712906342613e+49,1.445683229480096,0.002409472049133496,1.4696938456699067,0.0,0.0,0.0,0.1,2,double_drift,none,10
20733641377.70267,1753744748.0922253,20733641377.70267,599.0,0.9983333333333333,599.0,0.0,0.0,2117787850.1611261,179132549.2644881,2117787850.1611261,0.0,0.0,0.0,0.0,0.0,0.0,0.1,2,double_drift,full,10
3.4127144529188317e+95,1.8614806106829992e+93,3.4127144529188317e+95,598.7,0.9978333333333333,597.8,0.0,0.0,1.1811726713819356e+95,6.442760025719648e+92,1.1811726713819356e+95,0.45825756949558405,0.0007637626158259401,1.16619037896906,0.0,0.0,0.0,0.2,2,double_drift,none,10
20733641377.70267,1753744748.0922253,20733641377.70267,599.0,0.9983333333333333,599.0,0.0,0.0,2117787850.1611261,179132549.2644881,2117787850.1611261,0.0,0.0,0.0,0.0,0.0,0.0,0.2,2,double_drift,full,10
1.5231720950694309e+137,6.217779808375212e+134,1.5231720950694309e+137,598.9,0.9981666666666665,598.6,0.0,0.0,5.154505554007933e+136,2.104133909727876e+134,5.154505554007933e+136,0.30000000000000004,0.0004999999999999782,0.48989794855663565,0.0,0.0,0.0,0.3,2,double_drift,none,10
20733641377.70267,1753744748.0922253,20733641377.70267,599.0,0.9983333333333333,599.0,0.0,0.0,2117787850.1611261,179132549.2644881,2117787850.1611261,0.0,0.0,0.0,0.0,0.0,0.0,0.3,2,double_drift,full,10
4.442494687415077e+211,1.3327484062245228e+209,4.442494687415077e+211,599.0,0.9983333333333333,599.0,0.0,0.0,inf,inf,inf,0.0,0.0,0.0,0.0,0.0,0.0,0.5,2,double_drift,none,10
20733641377.70267,1753744748.0922253,20733641377.70267,599.0,0.9983333333333333,599.0,0.0,0.0,2117787850.1611261,179132549.2644881,2117787850.1611261,0.0,0.0,0.0,0.0,0.0,0.0,0.5,2,double_drift,full,10
6.037952776801671e+276,1.5387727976152406e+274,6.037952776801671e+276,599.0,0.9983333333333333,599.0,0.0,0.0,inf,inf,inf,0.0,0.0,0.0,0.0,0.0,0.0,0.7,2,double_drift,none,10
20733641377.70267,1753744748.0922253,20733641377.70267,599.0,0.9983333333333333,599.0,0.0,0.0,2117787850.1611261,179132549.2644881,2117787850.1611261,0.0,0.0,0.0,0.0,0.0,0.0,0.7,2,double_drift,full,10
inf,inf,inf,510.8,0.8513333333333334,510.8,0.0,0.0,,,,0.4,0.000666666666666682,0.4,0.0,0.0,0.0,1.0,2,double_drift,none,10
20733641377.70267,1753744748.0922253,20733641377.70267,599.0,0.9983333333333333,599.0,0.0,0.0,2117787850.1611261,179132549.2644881,2117787850.1611261,0.0,0.0,0.0,0.0,0.0,0.0,1.0,2,double_drift,full,10
394924.8155604265,34981.500173928456,394924.8155604265,507.7,0.8461666666666667,433.9,0.0,0.0,145431.74471120958,12671.740873527824,145431.74471120958,11.419719786404569,0.019032866310674277,19.694923203709124,0.0,0.0,0.05,0.01,2,double_drift,none,10
304106.5775416618,268094.91578953475,304106.5775416618,243.4,0.4056666666666667,93.0,157.9,550.0,168801.3205799207,145173.4729187224,168801.3205799207,11.315476127852508,0.018859126879754183,17.204650534085253,32.46675222439103,18.665476152512156,0.05,0.01,2,double_drift,full,10
6.67446108223507e+24,1.2495138932553784e+23,6.67446108223507e+24,578.7,0.9644999999999999,570.6,0.0,0.0,2.5343080138963274e+24,4.728521431471023e+22,2.5343080138963274e+24,3.195309061734091,0.005325515102890156,5.043808085167396,0.0,0.0,0.05,0.05,2,double_drift,none,10
304106.5775416618,268094.91578953475,304106.5775416618,243.4,0.4056666666666667,93.0,157.9,550.0,168801.3205799207,145173.4729187224,168801.3205799207,11.315476127852508,0.018859126879754183,17.204650534085253,32.46675222439103,18.665476152512156,0.05,0.05,2,double_drift,full,10
8.138925429846133e+47,8.177874810977861e+45,8.138925429846133e+47,577.4,0.9623333333333333,575.0,0.0,0.0,6.042688697569112e+47,6.09439619540397e+45,6.042688697569112e+47,4.054626986542658,0.006757711644237771,5.019960159204453,0.0,0.0,0.05,0.1,2,double_drift,none,10
304106.5775416618,268094.91578953475,304106.5775416618,243.4,0.4056666666666667,93.0,157.9,550.0,168801.3205799207,145173.4729187224,168801.3205799207,11.315476127852508,0.018859126879754183,17.204650534085253,32.46675222439103,18.665476152512156,0.05,0.1,2,double_drift,full,10
1.9200188531802004e+91,1.0914322303194086e+89,1.9200188531802004e+91,575.0,0.9583333333333334,574.3,0.0,0.0,3.0776663713678557e+91,1.7480625690708607e+89,3.0776663713678557e+91,3.924283374069717,0.006540472290116216,4.001249804748511,0.0,0.0,0.05,0.2,2,double_drift,none,10
304106.5775416618,268094.91578953475,304106.5775416618,243.4,0.4056666666666667,93.0,157.9,550.0,168801.3205799207,145173.4729187224,168801.3205799207,11.315476127852508,0.018859126879754183,17.204650534085253,32.46675222439103,18.665476152512156,0.05,0.2,2,double_drift,full,10
2.1192992222820467e+131,8.887896322113988e+128,2.1192992222820467e+131,573.1,0.9551666666666666,572.9,0.0,0.0,4.4033242008336104e+131,1.844912623582399e+129,4.4033242008336104e+131,3.935733730830885,0.0065595562180514825,4.158124577258358,0.0,0.0,0.05,0.3,2,double_drift,none,10
304106.5775416618,268094.91578953475,304106.5775416618,243.4,0.4056666666666667,93.0,157.9,550.0,168801.3205799207,145173.4729187224,168801.3205799207,11.315476127852508,0.018859126879754183,17.204650534085253,32.46675222439103,18.665476152512156,0.05,0.3,2,double_drift,full,10
1.0418240527983265e+203,3.1534080411081456e+200,1.0418240527983265e+203,571.9,0.9531666666666666,571.9,0.0,0.0,inf,inf,inf,4.459820624195551,0.007433034373659257,4.459820624195551,0.0,0.0,0.05,0.5,2,double_drift,none,10
304106.5775416618,268094.91578953475,304106.5775416618,243.4,0.4056666666666667,93.0,157.9,550.0,168801.3205799207,145173.4729187224,168801.3205799207,11.315476127852508,0.018859126879754183,17.204650534085253,32.46675222439103,18.665476152512156,0.05,0.5,2,double_drift,full,10
5.55367405419208e+265,1.4195734297360525e+263,5.55367405419208e+265,570.8,0.9513333333333331,570.8,0.0,0.0,inf,inf,inf,4.190465367951393,0.006984108946585663,4.190465367951393,0.0,0.0,0.05,0.7,2,double_drift,none,10
304106.5775416618,268094.91578953475,304106.5775416618,243.4,0.4056666666666667,93.0,157.9,550.0,168801.3205799207,145173.4729187224,168801.3205799207,11.315476127852508,0.018859126879754183,17.204650534085253,32.46675222439103,18.665476152512156,0.05,0.7,2,double_drift,full,10
inf,inf,inf,511.7,0.8528333333333334,511.7,0.0,0.0,,,,1.1874342087037917,0.0019790570145063317,1.1874342087037917,0.0,0.0,0.05,1.0,2,double_drift,none,10
304106.5775416618,268094.91578953475,304106.5775416618,243.4,0.4056666666666667,93.0,157.9,550.0,168801.3205799207,145173.4729187224,168801.3205799207,11.315476127852508,0.018859126879754183,17.204650534085253,32.46675222439103,18.665476152512156,0.05,1.0,2,double_drift,full,10
194078.5881694543,18234.40122896337,194078.5881694543,485.9,0.8098333333333334,405.5,0.0,0.0,70639.51827240926,6654.816151005314,70639.51827240926,13.299999999999999,0.02216666666666666,20.160605149647665,0.0,0.0,0.1,0.01,2,double_drift,none,10
125572.36241876081,113233.95706511594,125628.0514828236,233.6,0.3893333333333333,72.5,139.6,568.5,146802.8718434911,132792.93964861272,146888.73921214408,7.6183987818963645,0.012697331303160609,11.603878661895772,27.423347716863454,12.539936203984453,0.1,0.01,2,double_drift,full,10
2.4690461377922018e+23,4.870868241598898e+21,2.4690461377922018e+23,559.8,0.933,551.8,0.0,0.0,1.0562021083400474e+23,2.1424580616242243e+21,1.0562021083400474e+23,2.9597297173897488,0.004932882862316249,3.4292856398964493,0.0,0.0,0.1,0.05,2,double_drift,none,10
125572.36241876081,113233.95706511594,125628.0514828236,233.6,0.3893333333333333,72.5,139.6,568.5,146802.8718434911,132792.93964861272,146888.73921214408,7.6183987818963645,0.012697331303160609,11.603878661895772,27.423347716863454,12.539936203984453,0.1,0.05,2,double_drift,full,10
1.3425438934316259e+45,1.4377469580489532e+43,1.3425438934316259e+45,554.3,0.9238333333333333,552.3,0.0,0.0,1.0049298515758168e+45,1.1459021253467473e+43,1.0049298515758168e+45,4.026164427839479,0.006710274046399118,4.026164427839479,0.0,0.0,0.1,0.1,2,double_drift,none,10
125572.36241876081,113233.95706511594,125628.0514828236,233.6,0.3893333333333333,72.5,139.6,568.5,146802.8718434911,132792.93964861272,146888.73921214408,7.6183987818963645,0.012697331303160609,11.603878661895772,27.423347716863454,12.539936203984453,0.1,0.1,2,double_drift,full,10
7.987095994589401e+85,5.058176189465916e+83,7.987095994589401e+85,545.8,0.9096666666666666,545.0,0.0,0.0,1.0401311862043406e+86,6.97868826474242e+83,1.0401311862043406e+86,5.473572873361603,0.009122621455602688,4.8166378315169185,0.0,0.0,0.1,0.2,2,double_drift,none,10
125572.36241876081,113233.95706511594,125628.0514828236,233.6,0.3893333333333333,72.5,139.6,568.5,146802.8718434911,132792.93964861272,146888.73921214408,7.6183987818963645,0.012697331303160609,11.603878661895772,27.423347716863454,12.539936203984453,0.1,0.2,2,double_drift,full,10
3.1565534819335213e+123,1.530328850025958e+121,3.1565534819335213e+123,542.1,0.9035,541.8,0.0,0.0,5.1406809955913857e+123,2.620099642548814e+121,5.1406809955913857e+123,5.48543526076099,0.009142392101268333,5.362835071116769,0.0,0.0,0.1,0.3,2,double_drift,none,10
125572.36241876081,113233.95706511594,125628.0514828236,233.6,0.3893333333333333,72.5,139.6,568.5,146802.8718434911,132792.93964861272,146888.73921214408,7.6183987818963645,0.012697331303160609,11.603878661895772,27.423347716863454,12.539936203984453,0.1,0.3,2,double_drift,full,10
6.793514440321515e+190,2.4078810687091682e+188,6.793514440321515e+190,538.8,0.8979999999999999,538.8,0.0,0.0,inf,inf,inf,5.5641710972974225,0.009273618495495711,5.5641710972974225,0.0,0.0,0.1,0.5,2,double_drift,none,10
125572.36241876081,113233.95706511594,125628.0514828236,233.6,0.3893333333333333,72.5,139.6,568.5,146802.8718434911,132792.93964861272,146888.73921214408,7.6183987818963645,0.012697331303160609,11.603878661895772,27.423347716863454,12.539936203984453,0.1,0.5,2,double_drift,full,10
6.494735832690759e+249,1.8923391888032355e+247,6.494735832690759e+249,537.7,0.8961666666666668,537.7,0.0,0.0,inf,inf,inf,5.550675634551167,0.00925112605758527,5.550675634551167,0.0,0.0,0.1,0.7,2,double_drift,none,10
125572.36241876081,113233.95706511594,125628.0514828236,233.6,0.3893333333333333,72.5,139.6,568.5,146802.8718434911,132792.93964861272,146888.73921214408,7.6183987818963645,0.012697331303160609,11.603878661895772,27.423347716863454,12.539936203984453,0.1,0.7,2,double_drift,full,10
inf,inf,inf,513.1,0.8551666666666667,513.1,0.0,0.0,,,,1.445683229480096,0.00240947204913348,1.445683229480096,0.0,0.0,0.1,1.0,2,double_drift,none,10
125572.36241876081,113233.95706511594,125628.0514828236,233.6,0.3893333333333333,72.5,139.6,568.5,146802.8718434911,132792.93964861272,146888.73921214408,7.6183987818963645,0.012697331303160609,11.603878661895772,27.423347716863454,12.539936203984453,0.1,1.0,2,double_drift,full,10
71882.02062568041,7357.94468654015,71882.21752771483,450.7,0.7511666666666666,365.5,0.0,0.0,40836.0409019606,3926.1372987418104,40835.98311858538,14.43641229668923,0.024060687161148706,25.954768348031926,0.0,0.0,0.2,0.01,2,double_drift,none,10
42134.020517786084,38148.83710448193,42134.15581131492,229.7,0.3828333333333333,69.6,152.7,576.6,79138.98585149,73403.79137246922,79138.91704569836,9.910095862301233,0.016516826437168723,8.089499366462674,24.244793255460028,7.073895673530957,0.2,0.01,2,double_drift,full,10
2.108702133200185e+21,4.497931762067713e+19,2.1087021332003666e+21,532.6,0.8876666666666667,522.7,0.0,0.0,2.569420572004293e+21,4.9894271816867275e+19,2.5694205720042406e+21,6.606057825965497,0.011010096376609154,7.861933604400383,0.0,0.0,0.2,0.05,2,double_drift,none,10
42134.020517786084,38148.83710448193,42134.15581131492,229.7,0.3828333333333333,69.6,152.7,576.6,79138.98585149,73403.79137246922,79138.91704569836,9.910095862301233,0.016516826437168723,8.089499366462674,24.244793255460028,7.073895673530957,0.2,0.05,2,double_drift,full,10
1.5130003293244164e+41,1.6564750156438878e+39,1.5130003293244164e+41,526.7,0.8778333333333335,524.3,0.0,0.0,2.7848495803677534e+41,2.708802477095378e+39,2.7848495803677534e+41,7.029224708315989,0.011715374513859985,6.403905058634146,0.0,0.0,0.2,0.1,2,double_drift,none,10
42134.020517786084,38148.83710448193,42134.15581131492,229.7,0.3828333333333333,69.6,152.7,576.6,79138.98585149,73403.79137246922,79138.91704569836,9.910095862301233,0.016516826437168723,8.089499366462674,24.244793255460028,7.073895673530957,0.2,0.1,2,double_drift,full,10
2.640289997112458e+78,1.5282281245181457e+76,2.640289997112458e+78,506.0,0.8433333333333334,505.5,0.0,0.0,6.736455045850963e+78,3.656800853584564e+76,6.736455045850963e+78,5.865151319446072,0.009775252199076786,5.903388857258177,0.0,0.0,0.2,0.2,2,double_drift,none,10
42134.020517786084,38148.83710448193,42134.15581131492,229.7,0.3828333333333333,69.6,152.7,576.6,79138.98585149,73403.79137246922,79138.91704569836,9.910095862301233,0.016516826437168723,8.089499366462674,24.244793255460028,7.073895673530957,0.2,0.2,2,double_drift,full,10
5.288572032165003e+112,2.2114159445246805e+110,5.288572032165003e+112,498.0,0.8300000000000001,497.9,0.0,0.0,1.4966336482736294e+113,6.093956450516753e+110,1.4966336482736294e+113,8.449852069711044,0.014083086782851752,8.466994744299774,0.0,0.0,0.2,0.3,2,double_drift,none,10
42134.020517786084,38148.83710448193,42134.15581131492,229.7,0.3828333333333333,69.6,152.7,576.6,79138.98585149,73403.79137246922,79138.91704569836,9.910095862301233,0.016516826437168723,8.089499366462674,24.244793255460028,7.073895673530957,0.2,0.3,2,double_drift,full,10
1.1674641458175746e+174,3.5153683508105393e+171,1.1674641458175746e+174,491.1,0.8184999999999999,491.1,0.0,0.0,inf,inf,inf,8.490583018850943,0.014150971698084897,8.490583018850943,0.0,0.0,0.2,0.5,2,double_drift,none,10
42134.020517786084,38148.83710448193,42134.15581131492,229.7,0.3828333333333333,69.6,152.7,576.6,79138.98585149,73403.79137246922,79138.91704569836,9.910095862301233,0.016516826437168723,8.089499366462674,24.244793255460028,7.073895673530957,0.2,0.5,2,double_drift,full,10
5.219360561970999e+227,1.3310060277000099e+225,5.219360561970999e+227,489.0,0.8149999999999998,489.0,0.0,0.0,inf,inf,inf,8.330666239863412,0.013884443733105663,8.330666239863412,0.0,0.0,0.2,0.7,2,double_drift,none,10
42134.020517786084,38148.83710448193,42134.15581131492,229.7,0.3828333333333333,69.6,152.7,576.6,79138.98585149,73403.79137246922,79138.91704569836,9.910095862301233,0.016516826437168723,8.089499366462674,24.244793255460028,7.073895673530957,0.2,0.7,2,double_drift,full,10
2.3893901110288653e+297,5.310094332412189e+294,2.3893901110288653e+297,487.2,0.8119999999999999,487.2,0.0,0.0,inf,inf,inf,9.83666610188635,0.016394443503143907,9.83666610188635,0.0,0.0,0.2,1.0,2,double_drift,none,10
42134.020517786084,38148.83710448193,42134.15581131492,229.7,0.3828333333333333,69.6,152.7,576.6,79138.98585149,73403.79137246922,79138.91704569836,9.910095862301233,0.016516826437168723,8.089499366462674,24.244793255460028,7.073895673530957,0.2,1.0,2,double_drift,full,10
23078.335445264784,2834.226405137881,23081.237521540366,424.0,0.7066666666666668,322.0,0.0,0.0,10877.177060602391,1404.0511684046373,10877.662673429124,17.44133022449836,0.029068883707497266,21.89977168830762,0.0,0.0,0.3,0.01,2,double_drift,none,10
3573.824328306401,2816.302141360474,3575.563367480851,226.0,0.37666666666666665,61.1,150.5,582.5,3727.211041229028,3076.87357917756,3727.7295506192518,8.508818954473059,0.014181364924121764,5.243090691567331,24.3608292141298,4.104875150354759,0.3,0.01,2,double_drift,full,10
6.193619625745586e+18,1.7148232069355014e+17,6.1936196260332e+18,505.6,0.8426666666666666,495.0,0.0,0.0,5.322664451923741e+18,1.6143412064678378e+17,5.322664452229865e+18,8.979977728257458,0.014966629547095786,7.402702209328699,0.0,0.0,0.3,0.05,2,double_drift,none,10
3573.824328306401,2816.302141360474,3575.563367480851,226.0,0.37666666666666665,61.1,150.5,582.5,3727.211041229028,3076.87357917756,3727.7295506192518,8.508818954473059,0.014181364924121764,5.243090691567331,24.3608292141298,4.104875150354759,0.3,0.05,2,double_drift,full,10
1.572484559453038e+36,2.4168308198910147e+34,1.572484559453038e+36,497.6,0.8293333333333333,494.4,0.0,0.0,2.0812841608526256e+36,3.296351512665135e+34,2.0812841608526256e+36,6.468384651518491,0.010780641085864155,6.636264009214822,0.0,0.0,0.3,0.1,2,double_drift,none,10
3573.824328306401,2816.302141360474,3575.563367480851,226.0,0.37666666666666665,61.1,150.5,582.5,3727.211041229028,3076.87357917756,3727.7295506192518,8.508818954473059,0.014181364924121764,5.243090691567331,24.3608292141298,4.104875150354759,0.3,0.1,2,double_drift,full,10
8.870919663694061e+68,7.833308800786364e+66,8.870919663694061e+68,464.6,0.7743333333333332,463.9,0.0,0.0,1.8714398978150587e+69,1.6572350598051237e+67,1.8714398978150587e+69,7.578918128598566,0.012631530214330968,7.7259303646874775,0.0,0.0,0.3,0.2,2,double_drift,none,10
3573.824328306401,2816.302141360474,3575.563367480851,226.0,0.37666666666666665,61.1,150.5,582.5,3727.211041229028,3076.87357917756,3727.7295506192518,8.508818954473059,0.014181364924121764,5.243090691567331,24.3608292141298,4.104875150354759,0.3,0.2,2,double_drift,full,10
1.5039572012649016e+99,1.0055027012760108e+97,1.5039572012649016e+99,452.2,0.7536666666666667,452.0,0.0,0.0,3.9763554520540505e+99,2.6822340652748306e+97,3.9763554520540505e+99,4.3999999999999995,0.007333333333333343,4.33589667773576,0.0,0.0,0.3,0.3,2,double_drift,none,10
3573.824328306401,2816.302141360474,3575.563367480851,226.0,0.37666666666666665,61.1,150.5,582.5,3727.211041229028,3076.87357917756,3727.7295506192518,8.508818954473059,0.014181364924121764,5.243090691567331,24.3608292141298,4.104875150354759,0.3,0.3,2,double_drift,full,10
1.931788134159988e+153,9.827651480658866e+150,1.931788134159988e+153,442.4,0.7373333333333333,442.3,0.0,0.0,inf,2.907820739125398e+151,inf,5.44426303552648,0.009073771725877472,5.622277118748239,0.0,0.0,0.3,0.5,2,double_drift,none,10
3573.824328306401,2816.302141360474,3575.563367480851,226.0,0.37666666666666665,61.1,150.5,582.5,3727.211041229028,3076.87357917756,3727.7295506192518,8.508818954473059,0.014181364924121764,5.243090691567331,24.3608292141298,4.104875150354759,0.3,0.5,2,double_drift,full,10
4.0576985143624525e+200,1.8041481810501597e+198,4.0576985143624525e+200,438.7,0.7311666666666666,438.7,0.0,0.0,inf,inf,inf,5.292447448959697,0.008820745748266155,5.292447448959697,0.0,0.0,0.3,0.7,2,double_drift,none,10
3573.824328306401,2816.302141360474,3575.563367480851,226.0,0.37666666666666665,61.1,150.5,582.5,3727.211041229028,3076.87357917756,3727.7295506192518,8.508818954473059,0.014181364924121764,5.243090691567331,24.3608292141298,4.104875150354759,0.3,0.7,2,double_drift,full,10
1.0708211971163006e+262,4.284505494117216e+259,1.0708211971163006e+262,435.6,0.726,435.6,0.0,0.0,inf,inf,inf,5.6956123463592565,0.009492687243932105,5.6956123463592565,0.0,0.0,0.3,1.0,2,double_drift,none,10
3573.824328306401,2816.302141360474,3575.563367480851,226.0,0.37666666666666665,61.1,150.5,582.5,3727.211041229028,3076.87357917756,3727.7295506192518,8.508818954473059,0.014181364924121764,5.243090691567331,24.3608292141298,4.104875150354759,0.3,1.0,2,double_drift,full,10
9373.228586793712,1227.2364525821074,9374.411851969271,384.3,0.6405,269.4,0.0,0.0,8431.701165017981,996.4528872114553,8431.308569554341,23.895815533268582,0.0398263592221143,37.16503733349396,0.0,0.0,0.4,0.01,2,double_drift,none,10
3900.59277393965,3171.22231381416,3914.936292286185,221.7,0.36950000000000005,66.4,158.0,580.8,3783.661897030147,3266.417117296171,3797.9601929500122,6.512296062065975,0.010853826770109957,5.10294032886923,25.624207304812376,4.214261501141095,0.4,0.01,2,double_drift,full,10
1.2504877599972498e+17,3049098124060343.0,1.2504877600557235e+17,479.6,0.7993333333333333,467.6,0.0,0.0,2.3091537755039658e+17,5164591792424451.0,2.3091537754765536e+17,15.882065356873456,0.026470108928122453,16.396341055247664,0.0,0.0,0.4,0.05,2,double_drift,none,10
3900.59277393965,3171.22231381416,3914.936292286185,221.7,0.36950000000000005,66.4,158.0,580.8,3783.661897030147,3266.417117296171,3797.9601929500122,6.512296062065975,0.010853826770109957,5.10294032886923,25.624207304812376,4.214261501141095,0.4,0.05,2,double_drift,full,10
1.0802337550550344e+33,1.310001961288963e+31,1.0802337550550344e+33,483.1,0.8051666666666668,479.5,0.0,0.0,2.4529828019164804e+33,2.7792782161838044e+31,2.4529828019164804e+33,12.628935030318273,0.02104822505053045,13.070960178961606,0.0,0.0,0.4,0.1,2,double_drift,none,10
3900.59277393965,3171.22231381416,3914.936292286185,221.7,0.36950000000000005,66.4,158.0,580.8,3783.661897030147,3266.417117296171,3797.9601929500122,6.512296062065975,0.010853826770109957,5.10294032886923,25.624207304812376,4.214261501141095,0.4,0.1,2,double_drift,full,10
7.800554624078271e+62,5.0634516949142024e+60,7.800554624078271e+62,432.6,0.721,432.0,0.0,0.0,1.9056294012286853e+63,1.1553226376819767e+61,1.9056294012286853e+63,12.768711759609895,0.021281186266016487,13.274034804836093,0.0,0.0,0.4,0.2,2,double_drift,none,10
3900.59277393965,3171.22231381416,3914.936292286185,221.7,0.36950000000000005,66.4,158.0,580.8,3783.661897030147,3266.417117296171,3797.9601929500122,6.512296062065975,0.010853826770109957,5.10294032886923,25.624207304812376,4.214261501141095,0.4,0.2,2,double_drift,full,10
2.1912608844222176e+90,1.0302919222962727e+88,2.1912608844222176e+90,413.2,0.6886666666666666,413.1,0.0,0.0,5.478392449446426e+90,2.397128838285262e+88,5.478392449446426e+90,13.753544997563356,0.022922574995938916,13.765536676788159,0.0,0.0,0.4,0.3,2,double_drift,none,10
3900.59277393965,3171.22231381416,3914.936292286185,221.7,0.36950000000000005,66.4,158.0,580.8,3783.661897030147,3266.417117296171,3797.9601929500122,6.512296062065975,0.010853826770109957,5.10294032886923,25.624207304812376,4.214261501141095,0.4,0.3,2,double_drift,full,10
2.4689013181956313e+139,8.186217377014613e+136,2.4689013181956313e+139,399.1,0.6651666666666666,399.1,0.0,0.0,6.447880781852344e+139,1.9916574297129718e+137,6.447880781852344e+139,15.475464451834718,0.02579244075305786,15.475464451834718,0.0,0.0,0.4,0.5,2,double_drift,none,10
3900.59277393965,3171.22231381416,3914.936292286185,221.7,0.36950000000000005,66.4,158.0,580.8,3783.661897030147,3266.417117296171,3797.9601929500122,6.512296062065975,0.010853826770109957,5.10294032886923,25.624207304812376,4.214261501141095,0.4,0.5,2,double_drift,full,10
1.9588179788317064e+182,5.369630359322961e+179,1.9588179788317064e+182,390.9,0.6515,390.9,0.0,0.0,inf,inf,inf,16.04026184324932,0.02673376973874887,16.04026184324932,0.0,0.0,0.4,0.7,2,double_drift,none,10
3900.59277393965,3171.22231381416,3914.936292286185,221.7,0.36950000000000005,66.4,158.0,580.8,3783.661897030147,3266.417117296171,3797.9601929500122,6.512296062065975,0.010853826770109957,5.10294032886923,25.624207304812376,4.214261501141095,0.4,0.7,2,double_drift,full,10
9.94559336868897e+237,2.3144499723786712e+235,9.94559336868897e+237,386.6,0.6443333333333333,386.6,0.0,0.0,inf,inf,inf,15.913516267626084,0.026522527112710127,15.913516267626084,0.0,0.0,0.4,1.0,2,double_drift,none,10
3900.59277393965,3171.22231381416,3914.936292286185,221.7,0.36950000000000005,66.4,158.0,580.8,3783.661897030147,3266.417117296171,3797.9601929500122,6.512296062065975,0.010853826770109957,5.10294032886923,25.624207304812376,4.214261501141095,0.4,1.0,2,double_drift,full,10
2154.9359709950895,354.38481718063935,2155.991104783632,344.0,0.5733333333333335,203.9,0.0,0.0,1130.7878273761128,183.80776097496533,1130.67811474362,18.97893569197177,0.03163155948661961,28.83210016630769,0.0,0.0,0.5,0.01,2,double_drift,none,10
1504.965296351907,1052.2063126003209,1517.3600146843837,230.6,0.3843333333333333,64.5,152.7,578.8,1226.1842716635254,844.7443705067997,1225.2807313424726,8.685620300243386,0.01447603383373898,10.716809226630843,23.207972767995056,5.74108003776293,0.5,0.01,2,double_drift,full,10
42559836435630.516,1526575568766.7563,42559837001312.39,443.8,0.7396666666666666,428.2,0.0,0.0,27535704981688.13,1144051407080.1052,27535704789042.63,12.929037087115189,0.021548395145191954,14.46236495183274,0.0,0.0,0.5,0.05,2,double_drift,none,10
1504.965296351907,1052.2063126003209,1517.3600146843837,230.6,0.3843333333333333,64.5,152.7,578.8,1226.1842716635254,844.7443705067997,1225.2807313424726,8.685620300243386,0.01447603383373898,10.716809226630843,23.207972767995056,5.74108003776293,0.5,0.05,2,double_drift,full,10
1.174119246833864e+26,2.2768992750065528e+24,1.1741192468338764e+26,448.6,0.7476666666666667,444.6,0.0,0.0,1.0584720942828458e+26,2.147037994550112e+24,1.058472094282842e+26,11.056219968868204,0.01842703328144702,10.855413396089528,0.0,0.0,0.5,0.1,2,double_drift,none,10
1504.965296351907,1052.2063126003209,1517.3600146843837,230.6,0.3843333333333333,64.5,152.7,578.8,1226.1842716635254,844.7443705067997,1225.2807313424726,8.685620300243386,0.01447603383373898,10.716809226630843,23.207972767995056,5.74108003776293,0.5,0.1,2,double_drift,full,10
1.9929883513414086e+49,2.1155042840554597e+47,1.9929883513414086e+49,400.7,0.6678333333333334,399.9,0.0,0.0,2.4608884133101976e+49,2.731034756709339e+47,2.4608884133101976e+49,8.112336284942828,0.013520560474904714,8.34805366537614,0.0,0.0,0.5,0.2,2,double_drift,none,10
1504.965296351907,1052.2063126003209,1517.3600146843837,230.6,0.3843333333333333,64.5,152.7,578.8,1226.1842716635254,844.7443705067997,1225.2807313424726,8.685620300243386,0.01447603383373898,10.716809226630843,23.207972767995056,5.74108003776293,0.5,0.2,2,double_drift,full,10
4.496263206449013e+70,3.4536494297728284e+68,4.496263206449013e+70,367.7,0.6128333333333333,367.3,0.0,0.0,6.464438023936552e+70,5.318022875714708e+68,6.464438023936552e+70,7.294518489934754,0.01215753081655792,7.746612162745725,0.0,0.0,0.5,0.3,2,double_drift,none,10
1504.965296351907,1052.2063126003209,1517.3600146843837,230.6,0.3843333333333333,64.5,152.7,578.8,1226.1842716635254,844.7443705067997,1225.2807313424726,8.685620300243386,0.01447603383373898,10.716809226630843,23.207972767995056,5.74108003776293,0.5,0.3,2,double_drift,full,10
6.438707687319478e+108,3.4017090493451745e+106,6.438707687319478e+108,345.1,0.5751666666666666,344.9,0.0,0.0,1.085598297292658e+109,6.1231310999836474e+106,1.085598297292658e+109,10.329085148259743,0.017215141913766236,10.501904589168575,0.0,0.0,0.5,0.5,2,double_drift,none,10
1504.965296351907,1052.2063126003209,1517.3600146843837,230.6,0.3843333333333333,64.5,152.7,578.8,1226.1842716635254,844.7443705067997,1225.2807313424726,8.685620300243386,0.01447603383373898,10.716809226630843,23.207972767995056,5.74108003776293,0.5,0.5,2,double_drift,full,10
1.4637207205527028e+142,6.15362904171339e+139,1.4637207205527028e+142,335.3,0.5588333333333333,335.3,0.0,0.0,2.672595128936585e+142,1.183291404576184e+140,2.672595128936585e+142,8.832326986700616,0.01472054497783435,8.832326986700616,0.0,0.0,0.5,0.7,2,double_drift,none,10
1504.965296351907,1052.2063126003209,1517.3600146843837,230.6,0.3843333333333333,64.5,152.7,578.8,1226.1842716635254,844.7443705067997,1225.2807313424726,8.685620300243386,0.01447603383373898,10.716809226630843,23.207972767995056,5.74108003776293,0.5,0.7,2,double_drift,full,10
2.876765267885059e+185,9.680418452245798e+182,2.876765267885059e+185,327.3,0.5455,327.3,0.0,0.0,inf,inf,inf,9.497894503520241,0.015829824172533726,9.497894503520241,0.0,0.0,0.5,1.0,2,double_drift,none,10
1504.965296351907,1052.2063126003209,1517.3600146843837,230.6,0.3843333333333333,64.5,152.7,578.8,1226.1842716635254,844.7443705067997,1225.2807313424726,8.685620300243386,0.01447603383373898,10.716809226630843,23.207972767995056,5.74108003776293,0.5,1.0,2,double_drift,full,10
901.346435198082,174.33297282057015,901.9063312402068,309.8,0.5163333333333333,156.8,0.0,0.0,562.2946273876029,96.75421384878612,561.9535231081419,19.90879202764447,0.033181320046074124,25.810075552001006,0.0,0.0,0.6,0.01,2,double_drift,none,10
965.6324576285572,713.1962552870706,965.6324576285572,225.3,0.3755,61.4,131.2,581.6,740.2550342562747,626.8598477317195,740.2550342562747,9.033825324855469,0.015056375541425785,5.71314274283428,23.314373249135393,3.411744421846396,0.6,0.01,2,double_drift,full,10
276516199851.25366,10257834796.80267,276516241505.45105,411.9,0.6865,394.0,0.0,0.0,223468939814.65393,7301468617.055366,223468932625.63748,12.910848151845022,0.021518080253075025,14.580809305384937,0.0,0.0,0.6,0.05,2,double_drift,none,10
965.6324576285572,713.1962552870706,965.6324576285572,225.3,0.3755,61.4,131.2,581.6,740.2550342562747,626.8598477317195,740.2550342562747,9.033825324855469,0.015056375541425785,5.71314274283428,23.314373249135393,3.411744421846396,0.6,0.05,2,double_drift,full,10
4.265006214796067e+21,8.585420062480948e+19,4.265006214800029e+21,417.6,0.696,412.3,0.0,0.0,4.782020248470489e+21,1.013747747981463e+20,4.782020248469348e+21,11.672189169131899,0.019453648615219827,12.984991336154213,0.0,0.0,0.6,0.1,2,double_drift,none,10
965.6324576285572,713.1962552870706,965.6324576285572,225.3,0.3755,61.4,131.2,581.6,740.2550342562747,626.8598477317195,740.2550342562747,9.033825324855469,0.015056375541425785,5.71314274283428,23.314373249135393,3.411744421846396,0.6,0.1,2,double_drift,full,10
5.409506618386517e+40,6.756160036272889e+38,5.409506618386517e+40,387.0,0.645,385.7,0.0,0.0,9.745236038950045e+40,1.4431547069935036e+39,9.745236038950045e+40,13.053735097664577,0.021756225162774295,12.853404218338424,0.0,0.0,0.6,0.2,2,double_drift,none,10
965.6324576285572,713.1962552870706,965.6324576285572,225.3,0.3755,61.4,131.2,581.6,740.2550342562747,626.8598477317195,740.2550342562747,9.033825324855469,0.015056375541425785,5.71314274283428,23.314373249135393,3.411744421846396,0.6,0.2,2,double_drift,full,10
2.084685077417686e+58,2.0532992716488165e+56,2.084685077417686e+58,347.8,0.5796666666666666,346.9,0.0,0.0,4.630931430213635e+58,5.239574444540991e+56,4.630931430213635e+58,11.6,0.01933333333333333,11.835962149314266,0.0,0.0,0.6,0.3,2,double_drift,none,10
965.6324576285572,713.1962552870706,965.6324576285572,225.3,0.3755,61.4,131.2,581.6,740.2550342562747,626.8598477317195,740.2550342562747,9.033825324855469,0.015056375541425785,5.71314274283428,23.314373249135393,3.411744421846396,0.6,0.3,2,double_drift,full,10
5.441226176211645e+89,4.006255163708614e+87,5.441226176211645e+89,311.0,0.5183333333333333,310.9,0.0,0.0,1.4538756242207507e+90,1.1392969195515035e+88,1.4538756242207507e+90,13.754999091239519,0.022924998485399185,13.837991183694257,0.0,0.0,0.6,0.5,2,double_drift,none,10
965.6324576285572,713.1962552870706,965.6324576285572,225.3,0.3755,61.4,131.2,581.6,740.2550342562747,626.8598477317195,740.2550342562747,9.033825324855469,0.015056375541425785,5.71314274283428,23.314373249135393,3.411744421846396,0.6,0.5,2,double_drift,full,10
1.5782779287455444e+117,9.44724289228694e+114,1.5782779287455444e+117,293.4,0.489,293.4,0.0,0.0,4.515149214865349e+117,2.77295927043479e+115,4.515149214865349e+117,11.412274094149685,0.0190204568235828,11.412274094149685,0.0,0.0,0.6,0.7,2,double_drift,none,10
965.6324576285572,713.1962552870706,965.6324576285572,225.3,0.3755,61.4,131.2,581.6,740.2550342562747,626.8598477317195,740.2550342562747,9.033825324855469,0.015056375541425785,5.71314274283428,23.314373249135393,3.411744421846396,0.6,0.7,2,double_drift,full,10
7.012818396236197e+152,3.310668562589763e+150,7.012818396236197e+152,282.6,0.471,282.6,0.0,0.0,2.0739600028362008e+153,9.862219553149664e+150,2.0739600028362008e+153,10.901376059929316,0.018168960099882184,10.901376059929316,0.0,0.0,0.6,1.0,2,double_drift,none,10
965.6324576285572,713.1962552870706,965.6324576285572,225.3,0.3755,61.4,131.2,581.6,740.2550342562747,626.8598477317195,740.2550342562747,9.033825324855469,0.015056375541425785,5.71314274283428,23.314373249135393,3.411744421846396,0.6,1.0,2,double_drift,full,10
